Movie Title,Release Date,Genre,Director (1),Director (2),Cast (1),Cast (2),Cast (3),Cast (4),Cast (5),Budget ,Revenue
10 Cloverfield Lane,08-03-2016,Thriller,Dan Trachtenberg,,Mary Elizabeth Winstead,John Goodman,John Gallagher,,,$15000000,"$108,300,000.00"
13 Hours: The Secret Soldiers of Benghazi,15-01-2016,Action,Michael Bay,,James Badge Dale,John Krasinski,Toby Stephens,Pablo Schreiber,Max Martini,$45000000,"$69,400,000.00"
2 Guns,02-08-2013,Action,Baltasar KormÃ¡kur,,Mark Wahlberg,Denzel Washington,Paula Patton,Bill Paxton,Edward James Olmos,$61000000,"$131,900,000.00"
21 Jump Street,16-03-2012,Comedy,Phil Lord,Chris Miller,Jonah Hill,Channing Tatum,Ice Cube,Brie Larson,Rob Riggle,"$55,000,000.00","$201,500,000.00"
22 Jump Street,04-06-2014,Action,Phil Lord,Chris Miller,Channing Tatum,Jonah Hill,Ice Cube,,,"$84,500,000.00","$331,300,000.00"
300: Rise of an Empire,04-03-2014,Action,Noam Murro,,Rodrigo Santoro,Eva Green,Sullivan Stapleton,Hans Matheson,Lena Headey,"$110,000,000.00","$337,600,000.00"
42,12-04-2013,Biography,Brian Helgeland,,Harrison Ford,Chadwick Boseman,Christopher Meloni,Ryan Merriman,Andre Holland,"$40,000,000.00","$97,500,000.00"
71,07-02-2014,Action,Yann Demange,,Jack O'Connell,Richard Dormer,Sean Harris,Sam Reid,,"$8,100,000.00","$2,900,000.00"
90 Minutes in Heaven,11-09-2015,Drama,Michael Polish,,Hayden Christensen,Kate Bosworth,Dwight Yoakam,Michael W. Smith,,"$5,000,000.00","$4,800,000.00"
A Good Day to Die Hard,14-02-2013,Action,John Moore,,Bruce Willis,Jai Courtney,Sebastian Koch,Yuliya Snigir,Radivoje BukviÄ‡,"$92,000,000.00","$304,700,000.00"
A Haunted House,11-01-2013,Comedy,Michael Tiddes,,Marlon Wayans,Nick Swardson,David Koechner,Essence Atkins,Cedric the Entertainer,"$2,500,000.00","$60,100,000.00"
A Haunted House 2,18-04-2014,Comedy,Michael Tiddes,,Marlon Wayans,Jaime Pressly,Essence Atkins,Cedric the Entertainer,Gabriel Iglesias,"$4,000,000.00","$24,000,000.00"
A Long Way Down,10-02-2014,Comedy,Pascal Chaumeil,,Toni Collette,Pierce Brosnan,Aaron Paul,Imogen Poots,,"$22,700,000.00","$7,100,000.00"
A Most Violent Year,06-11-2014,Action,J. C. Chandor,,Oscar Isaac,Jessica Chastain,Alessandro Nivola,David Oyelowo,Albert Brooks,"$20,000,000.00","$12,000,000.00"
A Most Wanted Man,19-01-2014,Thriller,Anton Corbijn,,Philip Seymour Hoffman,Rachel McAdams,Robin Wright,Willem Dafoe,Grigoriy Dobrygin,"$15,000,000.00","$36,200,000.00"
A Thousand Words,09-03-2012,Comedy,Brian Robbins,,Eddie Murphy,Kerry Washington,Cliff Curtis,Clark Duke,Allison Janney,"$40,000,000.00","$22,000,000.00"
A Walk Among the Tombstones,19-09-2014,Crime,Scott Frank,,Liam Neeson,Dan Stevens,Ruth Wilson,Boyd Holbrook,,"$28,000,000.00","$58,800,000.00"
A Walk in the Woods,23-01-2015,Adventure,Ken Kwapis,,Robert Redford,Nick Nolte,Emma Thompson,,,"$8,000,000.00","$36,000,000.00"
Abraham Lincoln: Vampire Hunter,22-06-2012,Horror,Timur Bekmambetov,,Benjamin Walker,Dominic Cooper,Anthony Mackie,Mary Elizabeth Winstead,Rufus Sewell,"$99,500,000.00","$116,400,000.00"
After Earth,31-05-2013,Sci-Fi,M. Night Shyamalan,,Jaden Smith,Will Smith,Isabelle Fuhrman,Zoe Kravitz,,"$130,000,000.00","$243,800,000.00"
Ain't Them Bodies Saints,16-08-2013,Drama,David Lowery,,Casey Affleck,Rooney Mara,Ben Foster,Rami Malek,Keith Carradine,"$4,000,000.00","$1,000,000.00"
Alex Cross,19-10-2012,Crime,Rob Cohen,,Tyler Perry,Matthew Fox,Rachel Nichols,Edward Burns,Jean Reno,"$35,000,000.00","$34,600,000.00"
Aloha,27-05-2015,Romance,Cameron Crowe,,Bradley Cooper,Emma Stone,Alec Baldwin,Rachel McAdams,Bill Murray,"$52,000,000.00","$26,300,000.00"
Alvin and the Chipmunks: The Road Chip,18-12-2015,Comedy,Walt Becker,,Jason Lee,Tony Hale,Kimberly Williams-Paisley,Josh Green,Bella Thorne,"$90,000,000.00","$234,800,000.00"
American Reunion,06-04-2012,Comedy,Jon Hurwitz,,Alyson Hannigan,Seann William Scott,Tara Reid,Jason Biggs,Eugene Levy,"$50,000,000.00","$235,000,000.00"
American Sniper,11-11-2014,Drama,Clint Eastwood,,Bradley Cooper,Sienna Miller,Max Charles,Luke Grimes,,"$58,800,000.00","$547,400,000.00"
American Ultra,21-08-2015,Action,Nima Nourizadeh,,Jesse Eisenberg,Kristen Stewart,Connie Britton,Topher Grace,John Leguizamo,"$28,000,000.00","$27,100,000.00"
Amy,16-06-2015,Biography,Asif Kapadia,,Amy Winehouse,Mitchell Winehouse,Janis Winehouse,Raye Cosbert,Nick Shymansky,"$3,400,000.00","$22,000,000.00"
Annabelle,26-09-2014,Horror,John R. Leonetti,,Annabelle Wallis,Alfre Woodard,Eric Ladin,Brian Howe,,"$6,500,000.00","$256,900,000.00"
Annie,07-12-2014,Comedy,Will Gluck,,QuvenzhanÃ© Wallis,Jamie Foxx,Cameron Diaz,Rose Byrne,Bobby Cannavale,"$65,000,000.00","$133,800,000.00"
Ant-Man,29-06-2015,Action,Peyton Reed,,Paul Rudd,Evangeline Lilly,Corey Stoll,Bobby Cannavale,Michael PeÃ±a,"$130,000,000.00","$519,400,000.00"
Argo,12-10-2012,Drama,Ben Affleck,,Ben Affleck,John Goodman,Alan Arkin,Bryan Cranston,Victor Garber,"$44,500,000.00","$232,300,000.00"
"As Above, So Below",29-08-2014,Horror,John Erick Dowdle,,Drew Dowdle (screenplay)Perdita Weeks,Ben Feldman,Edwin Hodge,FranÃ§ois Civil,Marion Lambert,"$5,000,000.00","$5,000,000.00"
Bad Moms,29-07-2016,Comedy,Jon Lucas,Scott Moore,Mila Kunis,Christina Applegate,Kristen Bell,Jada Pinkett Smith,Kathryn Hahn,"$20,000,000.00","$124,200,000.00"
Barbershop: The Next Cut,15-04-2016,Comedy,Malcolm D. Lee,,Ice Cube,Cedric the Entertainer,Nicki Minaj,Regina Hall,Eve,"$20,000,000.00","$55,000,000.00"
Batman v Superman: Dawn of Justice,19-03-2016,Action,Zack Snyder,,Ben Affleck,Henry Cavill,Amy Adams,Jesse Eisenberg,Diane Lane,"$250,000,000.00","$872,700,000.00"
Batman: The Killing Joke,25-07-2016,Action,Sam Liu,Bruce Timm,Kevin Conroy,Mark Hamill,Tara Strong,Ray Wise,,"$3,500,000.00","$4,400,000.00"
Battle of the Year,20-09-2013,Musical,Benson Lee,,Josh Holloway,Laz Alonso,Josh Peck,Caity Lotz,Chris Brown,"$20,000,000.00","$16,500,000.00"
Battleship,18-05-2012,Action,Peter Berg,,Alexander SkarsgÃ¥rd,Taylor Kitsch,Brooklyn Decker,Rihanna,Liam Neeson,"$220,000,000.00","$303,000,000.00"
Beasts of the Southern Wild,27-06-2012,Drama,Benh Zeitlin,,QuvenzhanÃ© Wallis,Dwight Henry,,,,"$1,800,000.00","$21,900,000.00"
Beautiful Creatures,14-02-2013,Fantasy,Richard LaGravenese,,Viola Davis,Alice Englert,Emma Thompson,Emmy Rossum,Jeremy Irons,"$60,000,000.00","$60,100,000.00"
Before I Go to Sleep,04-09-2014,Mystery,Rowan JoffÃ©,,Nicole Kidman,Mark Strong,Colin Firth,Anne-Marie Duff,,"$22,000,000.00","$15,100,000.00"
Ben-Hur,19-08-2016,Adventure,Timur Bekmambetov,,Jack Huston,Morgan Freeman,Toby Kebbell,Rodrigo Santoro,Nazanin Boniadi,"$100,000,000.00","$41,400,000.00"
Beyond the Lights,06-09-2014,Romance,Gina Prince-Bythewood,,Gugu Mbatha-Raw,Nate Parker,Minnie Driver,Danny Glover,,"$7,000,000.00","$14,600,000.00"
Big Eyes,25-12-2014,Biography,Tim Burton,,Amy Adams,Christoph Waltz,Krysten Ritter,Danny Huston,Terence Stamp,"$10,000,000.00","$29,300,000.00"
Black Mass,04-09-2015,Action,Scott Cooper,,Johnny Depp,Joel Edgerton,Benedict Cumberbatch,Sienna Miller,Dakota Johnson,"$53,000,000.00","$99,800,000.00"
Blackhat,08-01-2015,Action,Michael Mann,,Chris Hemsworth,Viola Davis,John Ortiz,Yorick van Wageningen,Tang Wei,"$70,000,000.00","$19,700,000.00"
Blended,23-05-2014,Comedy,Frank Coraci,,Adam Sandler,Drew Barrymore,Bella Thorne,Emma Fuhrmann,Terry Crews,"$40,000,000.00","$128,000,000.00"
Blue Jasmine,26-07-2013,Drama,Woody Allen,,Alec Baldwin,Cate Blanchett,Bobby Cannavale,Louis C.K.,Andrew Dice Clay,"$18,000,000.00","$97,500,000.00"
Boyhood,19-01-2014,Drama,Richard Linklater,,Ethan Hawke,Patricia Arquette,Ellar Coltrane,,,"$4,000,000.00","$44,500,000.00"
Brick Mansions,23-04-2014,Action,Camille Delamarre,,Paul Walker,David Belle,RZA,,,"$23,000,000.00","$69,000,000.00"
Bridge of Spies,04-10-2015,Drama,Steven Spielberg,,Tom Hanks,Mark Rylance,Amy Ryan,Alan Alda,Austin Stowell,"$40,000,000.00","$165,500,000.00"
Brooklyn,26-01-2015,Drama,John Crowley,,Saoirse Ronan,Emory Cohen,Domhnall Gleeson,Jim Broadbent,Julie Walters,"$11,000,000.00","$62,100,000.00"
Bullet to the Head,01-02-2013,Crime,Walter Hill,,Sylvester Stallone,Sung Kang,Sarah Shahi,Adewale Akinnuoye-Agbaje,Religious Slater,"$55,000,000.00","$21,900,000.00"
Burnt,06-10-2015,Comedy,John Wells,,Bradley Cooper,Jamie Dornan,Emma Thompson,Sienna Miller,Daniel BrÃ¼hl,"$20,000,000.00","$36,600,000.00"
By the Sea,05-11-2015,Drama,Angelina Jolie,,Angelina Jolie,Brad Pitt,MÃ©lanie Laurent,Niels Arestrup,Melvil Poupaud,"$10,000,000.00","$3,300,000.00"
Captain America: The Winter Soldier,13-03-2014,Action,Anthony Russo,Joe Russo,Chris Evans,Scarlett Johansson,Sebastian Stan,Anthony Mackie,Cobie Smulders,"$170,000,000.00","$714,400,000.00"
Captive,18-09-2015,Crime,Jerry Jameson,,David Oyelowo,Kate Mara,Michael K. Williams,Leonor Varela,Jessica Oyelowo,"$2,000,000.00","$2,800,000.00"
Carol,17-05-2015,Drama,Todd Haynes,,Cate Blanchett,Rooney Mara,Sarah Paulson,Kyle Chandler,Jake Lacy,"$11,800,000.00","$40,300,000.00"
Central Intelligence,10-06-2016,Action,Rawson Marshall Thurber,,Dwayne Johnson,Kevin Hart,Amy Ryan,Aaron Paul,,"$50,000,000.00","$212,200,000.00"
Cesar Chavez,12-02-2014,Drama,Diego Luna,,Michael PeÃ±a,America Ferrera,Rosario Dawson,John Malkovich,,"$10,000,000.00","$6,700,000.00"
Chappie,04-03-2015,Sci-Fi,Neill Blomkamp,,Sharlto Copley,Ninja,Yolandi Visser,Dev Patel,Hugh Jackman,"$49,000,000.00","$102,100,000.00"
Chasing Mavericks,26-10-2012,Biography,Curtis Hanson,Michael Apted,Gerard Butler,Jonny Weston,Elisabeth Shue,Abigail Spencer,,"$20,000,000.00","$8,300,000.00"
Chef,07-03-2014,Comedy,Jon Favreau,,Jon Favreau,SofÃ­a Vergara,Scarlett Johansson,John Leguizamo,Robert Downey,"$11,000,000.00","$46,000,000.00"
Chernobyl Diaries,25-05-2012,Horror,Bradley Parker,,Jonathan Sadowski,Devin Kelley,Jesse McCartney,Olivia Taylor Dudley,Nathan Phillips,"$1,000,000.00","$37,200,000.00"
Child 44,17-04-2015,Drama,Daniel Espinosa,,Tom Hardy,Gary Oldman,Joel Kinnaman,Noomi Rapace,Jason Clarke,"$50,000,000.00","$13,000,000.00"
Chronicle,03-02-2012,Sci-Fi,Josh Trank,,Dane DeHaan,Michael B. Jordan,Alex Russell,Michael Kelly,,"$12,000,000.00","$126,600,000.00"
Cloud Atlas,26-10-2012,Drama,Tom Tykwer,Andy Wachowski,Tom Hanks,Jim Sturgess,David Gyasi,Jim Broadbent,Ben Whishaw,"$128,500,000.00","$130,500,000.00"
Cloudy with a Chance of Meatballs 2,27-09-2013,Family,Cody Cameron,Kris Pearn,Anna Faris,Bill Hader,Andy Samberg,Kristen Schaal,James Caan,"$78,000,000.00","$274,300,000.00"
Concussion,25-12-2015,Drama,Peter Landesman,,Will Smith,Alec Baldwin,Gugu Mbatha-Raw,Albert Brooks,Paul Reiser,"$57,000,000.00","$50,300,000.00"
Creed,25-11-2015,Drama,Ryan Coogler,,Michael B. Jordan,Sylvester Stallone,Tessa Thompson,Graham McTavish,Tony Bellew,"$40,000,000.00","$173,600,000.00"
Criminal,15-04-2016,Action,Ariel Vromen,,Kevin Costner,Gary Oldman,Tommy Lee Jones,Alice Eve,Gal Gadot,"$31,500,000.00","$35,600,000.00"
Crimson Peak,16-10-2015,Horror,Guillermo del Toro,,Mia Wasikowska,Tom Hiddleston,Charlie Hunnam,Jessica Chastain,Jim Beaver,"$55,000,000.00","$74,700,000.00"
Daddy's Home,25-12-2015,Comedy,Sean Anders,John Morris,Will Ferrell,Mark Wahlberg,Linda Cardellini,,,"$69,000,000.00","$240,400,000.00"
Danny Collins,20-03-2015,Comedy,Dan Fogelman,,Al Pacino,Annette Bening,Jennifer Garner,Bobby Cannavale,Christopher Plummer,"$10,000,000.00","$8,200,000.00"
Dark Shadows,11-05-2012,Comedy,Tim Burton,,Johnny Depp,Michelle Pfeiffer,Helena Bonham Carter,Eva Green,Jackie Earle Haley,"$150,000,000.00","$245,500,000.00"
Dark Skies,22-02-2013,Horror,Scott Charles Stewart,,Keri Russell,Josh Hamilton,Dakota Goyo,,,"$3,500,000.00","$26,400,000.00"
Dawn of the Planet of the Apes,26-06-2014,Action,Matt Reeves,,Andy Serkis,Gary Oldman,Jason Clarke,Kodi Smit-McPhee,Keri Russell,"$235,000,000.00","$710,600,000.00"
Dead Man Down,08-03-2013,Action,Niels Arden Oplev,,Colin Farrell,Noomi Rapace,Dominic Cooper,Terrence Howard,Wade Barrett,"$30,000,000.00","$18,100,000.00"
Deadpool,08-02-2016,Action,Tim Miller,,Ryan Reynolds,Gina Carano,T. J. Miller,Ed Skrein,Morena Baccarin,"$58,000,000.00","$782,600,000.00"
Declaration of War,27-01-2012,Romance,ValÃ©rie Donzelli,,ValÃ©rie Donzelli (director),,,,,"$1,500,000.00","$6,500,000.00"
Deliver Us from Evil,02-07-2014,Horror,Scott Derrickson,Paul Harris,Eric Bana,Ã‰dgar RamÃ­rez,Olivia Munn,Joel McHale,,"$30,000,000.00","$87,900,000.00"
Despicable Me 2,20-06-2013,Comedy,Chris Renaud,Pierre Coffin,Steve Carell,Kristen Wiig,Miranda Cosgrove,Dana Gaier,Elsie Fisher,"$76,000,000.00","$970,800,000.00"
Devil's Due,17-01-2014,Horror,Matt Bettinelli-Olpin,Tyler Gillett,Allison Miller,Zach Gilford,Sam Anderson,Aimee Carrero,Vanessa Ray,"$7,000,000.00","$36,900,000.00"
Diary of a Wimpy Kid: Dog Days,03-08-2012,Comedy,David Bowers,,Zachary Gordon,Robert Capron,Rachael Harris,Devon Bostick,Steve Zahn,"$22,000,000.00","$77,100,000.00"
Divergent,18-03-2014,Sci-Fi,Neil Burger,,Shailene Woodley,Kate Winslet,Theo James,Ansel Elgort,ZoÃ« Kravitz,"$85,000,000.00","$288,900,000.00"
Django Unchained,25-12-2012,Action,Quentin Tarantino,,Christoph Waltz,Jamie Foxx,Leonardo DiCaprio,Samuel L. Jackson,Bruce Dern,"$100,000,000.00","$425,400,000.00"
Dolphin Tale 2,12-09-2014,Family,Charles Martin Smith,,Winter,Hope,Nathan Gamble,Harry Connick,Jr.,"$36,000,000.00","$57,800,000.00"
Don't Breathe,26-08-2016,Thriller,Fede Alvarez,,Dylan Minnette,Stephen Lang,Daniel Zovatto,,,"$9,900,000.00","$28,300,000.00"
Dr. Seuss' The Lorax,02-03-2012,Family,Chris Renaud,,Danny DeVito,Zac Efron,Taylor Swift,Ed Helms,Rob Riggle,"$70,000,000.00","$348,800,000.00"
Dracula Untold,10-10-2014,Drama,Gary Shore,,Luke Evans,Sarah Gadon,William Houston,Dominic Cooper,Samantha Barks,"$70,000,000.00","$217,100,000.00"
Draft Day,07-04-2014,Drama,Ivan Reitman,,Kevin Costner,Jennifer Garner,Denis Leary,Frank Langella,Tom Welling,"$25,000,000.00","$29,500,000.00"
Dragon Blade,18-02-2015,Action,Daniel Lee,,Jackie Chan,Choi Siwon,John Cusack,Adrien Brody,James Lee Guy,"$65,000,000.00","$120,000,000.00"
Dumb and Dumber To,14-11-2014,Comedy,Peter Farrelly,Bobby Farrelly,Jim Carrey,Jeff Daniels,Kathleen Turner,Laurie Holden,,"$50,000,000.00","$169,800,000.00"
Earth to Echo,14-06-2014,Sci-Fi,Dave Green,,Astro,Teo Halm,Reese Hartwig,Ella Wahlestedt,,"$13,000,000.00","$45,300,000.00"
Eddie the Eagle,26-02-2016,Drama,Dexter Fletcher,,Taron Egerton,Christopher Walken,Hugh Jackman,,,"$23,000,000.00","$46,200,000.00"
Edge of Tomorrow,28-05-2014,Action,Doug Liman,,Tom Cruise,Emily Blunt,,,,"$178,000,000.00","$370,500,000.00"
Elysium,09-08-2013,Sci-Fi,Neill Blomkamp,,Matt Damon,Jodie Foster,Sharlto Copley,Wagner Moura,Alice Braga,"$115,000,000.00","$286,100,000.00"
Embrace of the Serpent,15-05-2015,Adventure,Ciro Guerra,,Jan Bijvoet,Nilbio Torres,Antonio BolÃ­var,,,"$1,400,000.00","$2,800,000.00"
End of Watch,21-09-2012,Action,David Ayer,,Jake Gyllenhaal,Michael PeÃ±a,Anna Kendrick,Frank Grillo,America Ferrera,"$7,000,000.00","$48,100,000.00"
Enough Said,20-09-2013,Comedy,Nicole Holofcener,,James Gandolfini,Julia Louis-Dreyfus,Toni Collette,Catherine Keener,Ben Falcone,"$8,000,000.00","$25,300,000.00"
Entourage,27-05-2015,Comedy,Doug Ellin,,Adrian Grenier,Kevin Connolly,Kevin Dillon,Jerry Ferrara,Jeremy Piven,"$39,000,000.00","$49,300,000.00"
Epic,24-05-2013,Adventure,Chris Wedge,,Colin Farrell,Josh Hutcherson,Amanda Seyfried,Jason Sudeikis,Christoph Waltz,"$93,000,000.00","$268,400,000.00"
Escape from Planet Earth,15-02-2013,Comedy,Cal Brunker,,Brendan Fraser,Rob Corddry,Jessica Alba,William Shatner,Sarah Jessica Parker,"$40,000,000.00","$74,600,000.00"
Evil Dead,05-04-2013,Horror,Fede Alvarez,,Jane Levy,Shiloh Fernandez,Lou Taylor Pucci,Jessica Lucas,Elizabeth Blackmore,"$17,000,000.00","$97,500,000.00"
Ex Machina,21-01-2015,Sci-Fi,Alex Garland,,Domhnall Gleeson,Oscar Isaac,Alicia Vikander,,,"$15,000,000.00","$36,900,000.00"
Eye in the Sky,11-09-2015,Thriller,Gavin Hood,,Helen Mirren,Aaron Paul,Alan Rickman,Barkhad Abdi,,"$13,000,000.00","$32,800,000.00"
Fantastic Four,04-08-2015,Action,Josh Trank,,Miles Teller,Michael B. Jordan,Kate Mara,Jamie Bell,Toby Kebbell,"$120,000,000.00","$168,000,000.00"
Fast & Furious 6,17-05-2013,Action,Justin Lin,,Vin Diesel,Dwayne Johnson,Paul Walker,Michelle Rodriguez,Jordana Brewster,"$160,000,000.00","$788,700,000.00"
Flight,02-11-2012,Drama,Robert Zemeckis,,Denzel Washington,Brian Geraghty,Nadine Velazquez,Bruce Greenwood,John Goodman,"$31,000,000.00","$161,800,000.00"
Florence Foster Jenkins,27-04-2016,Biography,Stephen Frears,,Meryl Streep,Hugh Grant,Simon Helberg,Nina Arianda,Rebecca Ferguson,"$19,000,000.00","$31,700,000.00"
Frances Ha,17-05-2013,Drama,Noah Baumbach,,Greta Gerwig,Charlotte d'Amboise,Adam Driver,Grace Gummer,Patrick Heusinger,"$3,000,000.00","$11,300,000.00"
Free State of Jones,16-06-2016,Drama,Gary Ross,,Matthew McConaughey,Gugu Mbatha-Raw,Keri Russell,Mahershala Ali,,"$50,000,000.00","$21,200,000.00"
Friends with Kids,09-03-2012,Comedy,Jennifer Westfeldt,,Adam Scott,Jennifer Westfeldt,Jon Hamm,Kristen Wiig,Maya Rudolph,"$10,000,000.00","$12,200,000.00"
Fun Size,26-10-2012,Comedy,Josh Schwartz,,Victoria Justice,Jane Levy,Thomas McDonell,Thomas Mann,Chelsea Handler,"$14,000,000.00","$11,400,000.00"
Fury,15-10-2014,Action,David Ayer,,Brad Pitt,Shia LaBeouf,Logan Lerman,Michael PeÃ±a,Jon Bernthal,"$68,000,000.00","$211,800,000.00"
G.I. Joe: Retaliation,27-03-2013,Action,Jon Chu,,Channing Tatum,Ray Park,Dwayne Johnson,Bruce Willis,Elodie Yung,"$130,000,000.00","$375,700,000.00"
Gangster Squad,11-01-2013,Action,Ruben Fleischer,,Ryan Gosling,Emma Stone,Sean Penn,Josh Brolin,Robert Patrick,"$75,000,000.00","$105,200,000.00"
Get Hard,27-03-2015,Comedy,Etan Cohen,,Will Ferrell,Kevin Hart,Alison Brie,Craig T. Nelson,T.I.,"$40,000,000.00","$111,800,000.00"
Get on Up,01-08-2014,Drama,Tate Taylor,,Chadwick Boseman,Nelsan Ellis,Brandon Mychal Smith,Jill Scott,Tika Sumpter,"$30,000,000.00","$33,400,000.00"
Getaway,30-08-2013,Action,Courtney Solomon,Yaron Levy,Ethan Hawke,Selena Gomez,Jon Voight,James Maslow,,"$18,000,000.00","$11,800,000.00"
Ghost Rider: Spirit of Vengeance,17-02-2012,Action,Mark Neveldine,Brian Taylor,Nicolas Cage,Idris Elba,Fergus Riordan,CiarÃ¡n Hinds,Violante Placido,"$57,000,000.00","$132,600,000.00"
Ghostbusters,15-07-2016,Comedy,Paul Feig,,Melissa McCarthy,Kristen Wiig,Leslie Jones,Kate McKinnon,Chris Hemsworth,"$144,000,000.00","$217,500,000.00"
God's Not Dead,21-03-2014,Religious,Harold Cronk,,Willie Robertson,David A. R. White,Shane Harper,Kevin Sorbo,Korie Robertson,"$2,000,000.00","$62,600,000.00"
God's Not Dead 2,01-04-2016,Religious,Harold Cronk,,Melissa Joan Hart,David A. R. White,Ray Wise,Robin Givens,Ernie Hudson,"$5,000,000.00","$23,500,000.00"
Gods of Egypt,25-02-2016,Action,Alex Proyas,,Geoffrey Rush,Gerard Butler,Brenton Thwaites,Courtney Eaton,Nikolaj Coster-Waldau,"$140,000,000.00","$145,700,000.00"
Godzilla,08-05-2014,Action,Gareth Edwards,,Aaron Taylor-Johnson,Ken Watanabe,Elizabeth Olsen,Bryan Cranston,Juliette Binoche,"$160,000,000.00","$529,000,000.00"
Gone Girl,26-09-2014,Mystery,David Fincher,,Ben Affleck,Rosamund Pike,Neil Patrick Harris,Tyler Perry,Kim Dickens,"$61,000,000.00","$369,300,000.00"
Good Deeds,24-02-2012,Romance,Tyler Perry,,Tyler Perry,Thandie Newton,Rebecca Romijn,Brian J. White,Jamie Kennedy,"$14,000,000.00","$35,600,000.00"
Goosebumps,05-10-2015,Action,Rob Letterman,,Jack Black,Dylan Minnette,Odeya Rush,Amy Ryan,Ryan Lee,"$84,000,000.00","$150,200,000.00"
Grown Ups 2,12-07-2013,Comedy,Dennis Dugan,,Adam Sandler,Kevin James,Chris Rock,David Spade,Taylor Lautner,"$80,000,000.00","$247,000,000.00"
"Hail, Caesar!",05-02-2016,Comedy,Joel and Ethan Coen,,Josh Brolin,George Clooney,Alden Ehrenreich,Ralph Fiennes,Jonah Hill,"$22,000,000.00","$22,000,000.00"
Hands of Stone,26-08-2016,Biography,Jonathan Jakubowicz,,Ã‰dgar RamÃ­rez,Robert De Niro,Usher,Ellen Barkin,Ana de Armas,"$20,000,000.00","$1,700,000.00"
Hansel and Gretel: Witch Hunters,17-01-2013,Action,Tommy Wirkola,,Jeremy Renner,Gemma Arterton,Zoe Bell,Famke Janssen,Peter Stormare,"$50,000,000.00","$226,300,000.00"
Heaven Is for Real,16-04-2014,Religious,Randall Wallace,,Greg Kinnear,Kelly Reilly,Connor Corum,Thomas Haden Church,Jacob Vargas,"$12,000,000.00","$101,300,000.00"
Here Comes the Boom,12-10-2012,Comedy,Frank Coraci,,Kevin James,Salma Hayek,Henry Winkler,Joe Rogan,,"$42,000,000.00","$73,100,000.00"
Hit and Run,22-08-2012,Action,Dax Shepard,,Dax Shepard,Kristen Bell,Bradley Cooper,Tom Arnold,Kristin Chenoweth,"$2,000,000.00","$14,500,000.00"
Hitman: Agent 47,21-08-2015,Action,Aleksander Bach,,Rupert Friend,Zachary Quinto,Hannah Ware,Thomas Kretschmann,,"$35,000,000.00","$82,300,000.00"
Home,07-03-2015,Animation,Tim Johnson,,Jim Parsons,Rihanna,Jennifer Lopez,Steve Martin,Matt Jones,"$135,000,000.00","$386,000,000.00"
Hope Springs,08-08-2012,Romance,David Frankel,,Meryl Streep,Tommy Lee Jones,Steve Carell,Mimi Rogers,Elisabeth Shue,"$30,000,000.00","$114,300,000.00"
Horrible Bosses 2,26-11-2014,Comedy,Sean Anders,,Jason Bateman,Charlie Day,Jason Sudeikis,Kevin Spacey,Jennifer Aniston,"$57,000,000.00","$107,700,000.00"
Hot Pursuit,08-05-2015,Action,Anne Fletcher,,Reese Witherspoon,SofÃ­a Vergara,Jim Gaffigan,John Carroll Lynch,,"$35,000,000.00","$51,700,000.00"
Hotel Transylvania,28-09-2012,Fantasy,Genndy Tartakovsky,,Adam Sandler,Selena Gomez,Andy Samberg,Kevin James,Fran Drescher,"$85,000,000.00","$358,400,000.00"
Hotel Transylvania 2,25-09-2015,Fantasy,Genndy Tartakovsky,,Adam Sandler,Andy Samberg,Selena Gomez,Kevin James,Steve Buscemi,"$80,000,000.00","$473,000,000.00"
How to Train Your Dragon 2,16-05-2014,Family,Dean DeBlois,,Jay Baruchel,Gerard Butler,Craig Ferguson,America Ferrera,Jonah Hill,"$145,000,000.00","$621,500,000.00"
I,14-01-2015,Romance,S. Shankar,,Vikram,Amy Jackson,N. Santhanam,Suresh Gopi,Upen Patel,"$15,000,000.00","$65,000,000.00"
I Saw the Light,11-09-2015,Drama,Marc Abraham,Tom Hiddleston,Elizabeth Olsen,,,,,"$13,000,000.00","$2,600,000.00"
Ice Age: Collision Course,22-07-2016,Adventure,Mike Thurmeier,Galen T. Chu,Ray Romano,John Leguizamo,Denis Leary,Queen Latifah,Jennifer Lopez,"$105,000,000.00","$368,300,000.00"
Ice Age: Continental Drift,13-07-2012,Adventure,Steve Martino,Mike Thurmeier,Ray Romano,John Leguizamo,Denis Leary,Queen Latifah,Seann William Scott,"$95,000,000.00","$877,000,000.00"
Identity Thief,08-02-2013,Action,Seth Gordon,,Jason Bateman,Melissa McCarthy,Amanda Peet,John Cho,Clark Duke,"$35,000,000.00","$174,000,000.00"
If I Stay,18-08-2014,Drama,R. J. Cutler,,ChloÃ« Grace Moretz,Mireille Enos,Lauren Lee Smith,Liana Liberato,Jamie Blackley,"$11,000,000.00","$78,900,000.00"
In the Heart of the Sea,11-12-2015,Biography,Ron Howard,,Chris Hemsworth,Benjamin Walker,Cillian Murphy,Tom Holland,Ben Whishaw,"$100,000,000.00","$93,900,000.00"
Independence Day: Resurgence,20-06-2016,Action,Roland Emmerich,,Jeff Goldblum,Bill Pullman,Sela Ward,Liam Hemsworth,Vivica A. Fox,"$165,000,000.00","$382,300,000.00"
Insidious: Chapter 2,13-09-2013,Horror,James Wan,,Patrick Wilson,Rose Byrne,Lin Shaye,Ty Simpkins,,"$5,000,000.00","$161,900,000.00"
Insidious: Chapter 3,05-06-2015,Horror,Leigh Whannell,,Dermot Mulroney,Stefanie Scott,Angus Sampson,Leigh Whannell,Lin Shaye,"$11,000,000.00","$113,000,000.00"
Interstellar,26-10-2014,Sci-Fi,Christopher Nolan,,Matthew McConaughey,Anne Hathaway,Michael Caine,Jessica Chastain,Matt Damon,"$165,000,000.00","$675,100,000.00"
Into the Storm,08-08-2014,Adventure,Steven Quale,,Richard Armitage,Jeremy Sumpter,Sarah Wayne Callies,Nathan Kress,,"$50,000,000.00","$161,700,000.00"
Iron Sky,25-07-2012,Comedy,Timo Vuorensola,,Julia Dietze,Peta Sergeant,Gotz Otto,Chris Kirby,Udo Kier,"$7,500,000.00","$8,100,000.00"
Irrational Man,16-05-2015,Mystery,Woody Allen,,Joaquin Phoenix,Emma Stone,Parker Posey,Jamie Blackley,,"$11,000,000.00","$27,400,000.00"
Jack Reacher,21-12-2012,Action,Christopher McQuarrie,,Tom Cruise,Rosamund Pike,David Oyelowo,Richard Jenkins,Alexia Fast,"$60,000,000.00","$218,300,000.00"
Jack Ryan: Shadow Recruit,15-01-2014,Action,Kenneth Branagh,,David Koepp,Adam Cozad,Anthony Peckham,Steve Zaillian,Chris Pine,"$60,000,000.00","$135,500,000.00"
Jane Got a Gun,29-01-2016,Action,Gavin O'Connor,,Natalie Portman,Joel Edgerton,Ewan McGregor,Rodrigo Santoro,Noah Emmerich,"$25,000,000.00","$3,000,000.00"
Jason Bourne,29-07-2016,Action,Paul Greengrass,,Matt Damon,Julia Stiles,Alicia Vikander,Riz Ahmed,Vincent Cassel,"$120,000,000.00","$347,900,000.00"
"Jeff, Who Lives at Home",16-03-2012,Comedy,Jay Duplass,,Jason Segel,Ed Helms,Judy Greer,Susan Sarandon,Evan Ross,"$7,500,000.00","$7,500,000.00"
Jem and the Holograms,23-10-2015,Musical,Jon M. Chu,,Aubrey Peeples,Stefanie Scott,Hayley Kiyoko,Aurora Perrineau,Ryan Guzman,"$5,000,000.00","$2,300,000.00"
Jersey Boys,05-06-2014,Drama,Clint Eastwood,,John Lloyd Young,Erec Bergen,Vincent Piazza,Michael Lamenda,Christopher Walken,"$58,600,000.00","$67,700,000.00"
Jobs,16-08-2013,Biography,Joshua Michael Stern,,Ashton Kutcher,Dermot Mulroney,Josh Gad,Lukas Haas,J.K. Simmons,"$12,000,000.00","$35,900,000.00"
John Wick,13-10-2014,Action,Chad Stahelski,David Leitch (director,Keanu Reeves,Bridget Moynahan,Willem Dafoe,,,"$20,000,000.00","$86,000,000.00"
Journey 2: The Mysterious Island,10-02-2012,Adventure,Brad Peyton,,Dwayne Johnson,Michael Caine,Josh Hutcherson,Vanessa Hudgens,Luis GuzmÃ¡n,"$79,000,000.00","$335,300,000.00"
Joy,25-12-2015,Comedy,David O. Russell,,Jennifer Lawrence,Robert De Niro,Bradley Cooper,Ã‰dgar RamÃ­rez,,"$60,000,000.00","$101,100,000.00"
Keanu,29-04-2016,Comedy,Peter Atencio,,Keegan-Michael Key,Jordan Peele,Method Man,Gabrielle Union,Will Forte,"$15,000,000.00","$20,700,000.00"
Kill the Messenger,10-10-2014,Crime,Michael Cuesta,,Jeremy Renner,Barry Pepper,Mary Elizabeth Winstead,Rosemarie DeWitt,Ray Liotta,"$5,000,000.00","$2,500,000.00"
Killing Them Softly,30-11-2012,Crime,Andrew Dominik,,Brad Pitt,Vincent Curatola,Scoot McNairy,Ben Mendelsohn,Ray Liotta,"$15,000,000.00","$37,900,000.00"
Kingsman: The Secret Service,13-12-2014,Action,Matthew Vaughn,,Colin Firth,Taron Egerton,Samuel L. Jackson,Mark Strong,Michael Caine,"$94,000,000.00","$414,400,000.00"
Krampus,04-12-2015,Horror,Michael Dougherty,,Emjay Anthony,Allison Tolman,Adam Scott,,,"$15,000,000.00","$61,500,000.00"
Kubo and the Two Strings,19-08-2016,Fantasy,Travis Knight,,Art Parkinson,Matthew McConaughey,Rooney Mara,Charlize Theron,Ralph Fiennes,"$60,000,000.00","$27,600,000.00"
Kung Fu Panda 3,23-01-2016,Action,Jennifer Yuh Nelson,Alessandro Carloni,Jack Black,Angelina Jolie,Dustin Hoffman,Jackie Chan,Seth Rogen,"$145,000,000.00","$519,900,000.00"
Lazer Team,27-01-2016,Sci-Fi,Matt Hullum,,Burnie Burns,Gavin Free,Michael Jones,Colton Dunn,Allie DeBerry,"$2,400,000.00","$1,600,000.00"
Left Behind,03-10-2014,Religious,Vic Armstrong,,Nicolas Cage,Chad Michael Murray,Cassi Thomson,Nicky Whelan,Jordin Sparks,"$16,000,000.00","$27,600,000.00"
Les MisÃ©rables,25-12-2012,Musical,Tom Hooper,,Hugh Jackman,Russell Crowe,Eddie Redmayne,Colm Wilkinson,Anne Hathaway,"$61,000,000.00","$441,800,000.00"
Let's Be Cops,13-08-2014,Action,Luke Greenfield,,Jake Johnson,Damon Wayans,Jr.,,,"$17,000,000.00","$138,200,000.00"
Life of Pi,21-11-2012,Drama,Ang Lee,,Suraj Sharma,Ayush Tandon,Irrfan Khan,GÃ©rard Depardieu,,"$120,000,000.00","$609,000,000.00"
Lights Out,22-07-2016,Horror,David F. Sandberg,,Teresa Palmer,Gabriel Bateman,Alexander DiPersia,,,"$4,900,000.00","$125,900,000.00"
Lincoln,09-11-2012,Drama,Steven Spielberg,,Daniel Day-Lewis,David Strathairn,Hal Holbrook,Sally Field,Joseph Gordon-Levitt,"$65,000,000.00","$275,300,000.00"
Little Boy,24-04-2015,Drama,Alejandro GÃ³mez Monteverde,,Jakob Salvati,David Henrie,Kevin James,Emily Watson,Ted Levine,"$20,000,000.00","$17,500,000.00"
Lockout,13-04-2012,Action,James Mather,Stephen St.Leger,Guy Pearce,Maggie Grace,Peter Stormare,Lennie James,Vincent Regan,"$20,000,000.00","$32,200,000.00"
London Has Fallen,04-03-2016,Action,Babak Najafi,,Gerard Butler,Aaron Eckhart,Morgan Freeman,Angela Bassett,Alon Aboutboul,"$60,000,000.00","$195,700,000.00"
Looper,28-09-2012,Action,Rian Johnson,,Joseph Gordon-Levitt,Bruce Willis,Emily Blunt,Paul Dano,Noah Segan,"$30,000,000.00","$176,500,000.00"
Love the Coopers,04-11-2015,Romance,Jessie Nelson,,John Goodman,Diane Keaton,Amanda Seyfried,Alan Arkin,Olivia Wilde,"$24,000,000.00","$41,100,000.00"
Lucy,25-07-2014,Sci-Fi,Luc Besson,,Scarlett Johansson,Morgan Freeman,Choi Min-sik,,,"$40,000,000.00","$463,400,000.00"
Mad Max: Fury Road,07-05-2015,Action,George Miller,,Tom Hardy,Charlize Theron,Hugh Keays-Byrne,Nicholas Hoult,Rosie Huntington-Whiteley,"$150,000,000.00","$378,400,000.00"
Madagascar 3: Europe's Most Wanted,08-06-2012,Comedy,Eric Darnell,,Noah Baumbach(screenplay); Ben Stiller,Chris Rock,David Schwimmer,Jada Pinkett Smith,Sacha Baron Cohen,"$145,000,000.00","$746,900,000.00"
Magic in the Moonlight,25-07-2014,Comedy,Woody Allen,,Emma Stone,Colin Firth,Hamish Linklater,Marcia Gay Harden,Jacki Weaver,"$16,800,000.00","$51,000,000.00"
Mama,18-01-2013,Horror,Andres Muschietti,,Jessica Chastain,Nikolaj Coster-Waldau,Daniel Kash,David Fox,,"$15,000,000.00","$146,400,000.00"
Man of Steel,14-06-2013,Action,Zack Snyder,,Henry Cavill,Amy Adams,Michael Shannon,Kevin Costner,Diane Lane,"$225,000,000.00","$668,000,000.00"
Man on a Ledge,27-01-2012,Action,Asger Leth,,Sam Worthington,Ed Harris,Elizabeth Banks,Jamie Bell,Kyra Sedgwick,"$42,000,000.00","$46,200,000.00"
Max,26-06-2015,Adventure,Boaz Yakin,,Josh Wiggins,Thomas Haden Church,Lauren Graham,,,"$20,000,000.00","$44,000,000.00"
Maze Runner: The Scorch Trials,18-09-2015,Sci-Fi,Wes Ball,,Dylan O'Brien,Ki Hong Lee,Thomas Sangster,Kaya Scodelario,Patricia Clarkson,"$61,000,000.00","$312,300,000.00"
Me and Earl and the Dying Girl,25-01-2015,Comedy,Alfonso Gomez-Rejon,,Thomas Mann,Olivia Cooke,Ronald Cyler II,Jon Bernthal,Nick Offerman,"$8,000,000.00","$9,100,000.00"
Me Before You,03-06-2016,Drama,Thea Sharrock,,Emilia Clarke,Sam Claflin,Charles Dance,Jenna Coleman,Janet McTeer,"$20,000,000.00","$196,200,000.00"
Mechanic: Resurrection,26-08-2016,Action,Dennis Gansel,,Jason Statham,Jessica Alba,Tommy Lee Jones,Michelle Yeoh,,"$40,000,000.00","$7,500,000.00"
Men in Black 3,25-05-2012,Comedy,Barry Sonnenfeld,,Will Smith,Tommy Lee Jones,Josh Brolin,Jemaine Clement,Emma Thompson,"$215,000,000.00","$624,000,000.00"
Midnight Special,12-02-2016,Sci-Fi,Jeff Nichols,,Michael Shannon,Kirsten Dunst,Adam Driver,Joel Edgerton,Sam Shepard,"$18,000,000.00","$6,200,000.00"
Miracles from Heaven,16-03-2016,Drama,Patricia Riggen,,Jennifer Garner,Martin Henderson,Queen Latifah,,,"$13,000,000.00","$73,600,000.00"
Mirror Mirror,30-03-2012,Fantasy,Tarsem Singh,,Lily Collins,Julia Roberts,Armie Hammer,Nathan Lane,Robert Emms,"$85,000,000.00","$183,000,000.00"
Mission: Impossible â€“ Rogue Nation,23-07-2015,Action,Christopher McQuarrie,,Tom Cruise,Jeremy Renner,Simon Pegg,Ving Rhames,Rebecca Ferguson,"$150,000,000.00","$682,300,000.00"
Moms' Night Out,09-05-2014,Religious,Andrew Erwin and Jon Erwin,,Sarah Drew,Trace Adkins,Sean Astin,Patricia Heaton,,"$5,000,000.00","$10,500,000.00"
Money Monster,13-05-2016,Drama,Jodie Foster,,George Clooney,Julia Roberts,Jack O'Connell,Dominic West,Caitriona Balfe,"$27,000,000.00","$93,100,000.00"
Monster Hunt,22-01-2016,Action,Raman Hui,,Bai Baihe,Jing Boran,Jiang Wu,Elaine Jin,,"$56,000,000.00","$385,200,000.00"
Moonrise Kingdom â‚ª,25-05-2012,Comedy,Wes Anderson,,Jared Gilman,Kara Hayward,Bruce Willis,Edward Norton,Bill Murray,"$16,000,000.00","$68,300,000.00"
Mortdecai,23-01-2015,Action,David Koepp,,Johnny Depp,Ewan McGregor,Olivia Munn,Aubrey Plaza,Oliver Platt,"$60,000,000.00","$47,000,000.00"
Mother's Day,13-04-2016,Comedy,Garry Marshall,,Jennifer Aniston,Julia Roberts,Kate Hudson,Timothy Olyphant,Jason Sudeikis,"$25,000,000.00","$43,800,000.00"
Mr. Peabody & Sherman,07-02-2014,Family,Rob Minkoff,,Ty Burrell,Max Charles,Stephen Colbert,Allison Janney,Ariel Winter,"$145,000,000.00","$275,700,000.00"
Mud,26-04-2013,Drama,Jeff Nichols,,Matthew McConaughey,Reese Witherspoon,Michael Shannon,Sarah Paulson,Sam Shepard,"$10,000,000.00","$32,600,000.00"
Mustang,19-05-2015,Drama,Deniz Gamze ErgÃ¼ven,,GÃ¼neÅŸ Åžensoy,,,,,"$1,300,000.00","$4,900,000.00"
My All American,13-11-2015,Biography,Angelo Pizzo,,Aaron Eckhart,Finn Wittrock,Robin Tunney,Sarah Bolger,Michael Reilly Burke,"$20,000,000.00","$2,200,000.00"
My Big Fat Greek Wedding 2,25-03-2016,Romance,Kirk Jones,,Nia Vardalos,John Corbett,Ian Gomez,Elena Kampouris,,"$18,000,000.00","$88,900,000.00"
Need for Speed,12-03-2014,Action,Scott Waugh,,Aaron Paul,Imogen Poots,Dominic Cooper,Michael Keaton,RamÃ³n RodrÃ­guez,"$65,000,000.00","$203,300,000.00"
Neighbors,08-03-2014,Comedy,Nicholas Stoller,,Seth Rogen,Zac Efron,Rose Byrne,Christopher Mintz-Plasse,Dave Franco,"$18,000,000.00","$270,700,000.00"
Neighbors 2: Sorority Rising,20-05-2016,Comedy,Nicholas Stoller,,Seth Rogen,Zac Efron,Rose Byrne,ChloÃ« Grace Moretz,Dave Franco,"$35,000,000.00","$107,900,000.00"
Nerve,27-07-2016,Thriller,Henry Joost,Ariel Schulman,Dave Franco,Emma Roberts,Emily Meade,Kimiko Glenn,Juliette Lewis,"$20,000,000.00","$47,600,000.00"
Night at the Museum: Secret of the Tomb,11-12-2014,Comedy,Shawn Levy,,Ben Stiller,Robin Williams,Dan Stevens,Owen Wilson,Ricky Gervais,"$127,000,000.00","$363,200,000.00"
Nightcrawler,05-09-2014,Drama,Dan Gilroy,,Jake Gyllenhaal,Bill Paxton,Rene Russo,Riz Ahmed,,"$8,500,000.00","$50,300,000.00"
Nine Lives,05-08-2016,Comedy,Barry Sonnenfeld,,Kevin Spacey,Robbie Amell,Jennifer Garner,Christopher Walken,Malina Weissman,"$30,000,000.00","$19,100,000.00"
No Escape,17-08-2015,Action,John Erick Dowdle,,Owen Wilson,Pierce Brosnan,Lake Bell,,,"$5,000,000.00","$54,400,000.00"
No Good Deed,12-09-2014,Crime,Sam Miller,,Idris Elba,Taraji P. Henson,Henry Simmons,,,"$13,200,000.00","$54,300,000.00"
No One Lives,10-05-2013,Horror,Ryuhei Kitamura,,Luke Evans,Adelaide Clemens,America Olivo,Derek Magyar,Lindsey Shaw,"$2,900,000.00","$1,000,000.00"
Noah,10-03-2014,Adventure,Darren Aronofsky,,Russell Crowe,Jennifer Connelly,Logan Lerman,Emma Watson,Ray Winstone,"$125,000,000.00","$362,600,000.00"
Non-Stop,27-01-2014,Thriller,Jaume Collet-Serra,,Liam Neeson,Julianne Moore,Lupita Nyong'o,Nate Parker,Michelle Dockery,"$50,000,000.00","$222,800,000.00"
Now You See Me,31-05-2013,Crime,Louis Leterrier,,Jesse Eisenberg,Isla Fisher,Morgan Freeman,Woody Harrelson,Mark Ruffalo,"$75,000,000.00","$351,700,000.00"
Now You See Me 2,06-06-2016,Thriller,Jon M. Chu,,Mark Ruffalo,Jesse Eisenberg,Woody Harrelson,Dave Franco,Lizzy Caplan,"$90,000,000.00","$320,900,000.00"
Oblivion,10-04-2013,Action,Joseph Kosinski,,Tom Cruise,Olga Kurylenko,Andrea Riseborough,Morgan Freeman,Nikolaj Coster-Waldau,"$120,000,000.00","$286,200,000.00"
Olympus Has Fallen,22-03-2013,Action,Antoine Fuqua,,Gerard Butler,Aaron Eckhart,Morgan Freeman,Rick Yune,Dylan McDermott,"$70,000,000.00","$161,000,000.00"
One Direction: This Is Us,29-08-2013,Documentary,Morgan Spurlock,,Harry Styles,Niall Horan,Louis Tomlinson,Zayn Malik,Liam Payne,"$10,000,000.00","$68,500,000.00"
One for the Money,27-01-2012,Crime,Julie Anne Robinson,,Katherine Heigl,Debbie Reynolds,Jason O'Mara,Daniel Sunjata,Sherri Shepherd,"$40,000,000.00","$36,900,000.00"
Ouija,24-10-2014,Horror,Stiles White,,Douglas Smith,Olivia Cooke,Vivis Colombetti,Ana Coto,Erin Moriarty,"$5,000,000.00","$103,600,000.00"
Our Brand Is Crisis,11-09-2015,Comedy,David Gordon Green,,Sandra Bullock,Scoot McNairy,Billy Bob Thornton,Anthony Mackie,Ann Dowd,"$28,000,000.00","$8,600,000.00"
Pacific Rim,12-07-2013,Action,Guillermo del Toro,,Charlie Hunnam,Ellen McLain,Idris Elba,Charlie Day,Rinko Kikuchi,"$190,000,000.00","$411,000,000.00"
Pain & Gain,26-04-2013,Action,Michael Bay,,Mark Wahlberg,Dwayne Johnson,Ed Harris,Ken Jeong,Anthony Mackie,"$26,000,000.00","$86,200,000.00"
Pan,30-09-2015,Fantasy,Joe Wright,,Hugh Jackman,Garrett Hedlund,Rooney Mara,Amanda Seyfried,Levi Miller,"$150,000,000.00","$128,400,000.00"
Paper Towns,24-07-2015,Romance,Jake Schreier,,Nat Wolff,Cara Delevingne,,,,"$12,000,000.00","$85,500,000.00"
Paranormal Activity 4,19-10-2012,Thriller,Ariel Schulman,Henry Joost,Kathryn Newton,Katie Featherston,,,,"$5,000,000.00","$142,800,000.00"
Paranormal Activity: The Ghost Dimension,23-10-2015,Horror,Gregory Plotkin,,Katie Featherston,Tyler Craig,,,,"$10,000,000.00","$78,100,000.00"
ParaNorman,17-08-2012,Fantasy,Chris Butler,,Kodi Smit-McPhee,Tucker Albrizzi,Anna Kendrick,Casey Affleck,Christopher Mintz-Plasse,"$60,000,000.00","$107,100,000.00"
Parental Guidance,25-12-2012,Comedy,Andy Fickman,,Billy Crystal,Bette Midler,Marisa Tomei,Tom Everett Scott,Bailee Madison,"$25,000,000.00","$119,800,000.00"
Parker,25-01-2013,Crime,Taylor Hackford,,Jason Statham,Jennifer Lopez,Bobby Cannavale,Clifton Collins,Jr.,"$35,000,000.00","$48,500,000.00"
Paul Blart: Mall Cop 2,17-04-2015,Action,Andy Fickman,,Kevin James,Raini Rodriguez,Neal McDonough,Molly Shannon,Daniella Alonso,"$40,000,000.00","$107,600,000.00"
Pawn Sacrifice,11-09-2015,Biography,Ed Zwick,,Tobey Maguire,Liev Schreiber,Peter Sarsgaard,Michael Stuhlbarg,Lily Rabe,"$19,000,000.00","$5,400,000.00"
Penguins of Madagascar,14-11-2014,Family,Simon J. Smith,,Tom McGrath,Chris Miller,Conrad Vernon,Christopher Knights,Benedict Cumberbatch,"$132,000,000.00","$373,000,000.00"
People Like Us,29-06-2012,Drama,Alex Kurtzman,,Chris Pine,Elizabeth Banks,Michelle Pfeiffer,Olivia Wilde,Mark Duplass,"$16,000,000.00","$12,400,000.00"
Percy Jackson: Sea of Monsters,07-08-2013,Adventure,Thor Freudenthal,,Logan Lerman,Alexandra Daddario,Douglas Smith,Mary Birdsong,Yvette Nicole Brown,"$90,000,000.00","$202,200,000.00"
Pitch Perfect,05-10-2012,Comedy,Jason Moore,,Anna Kendrick,Anna Camp,Rebel Wilson,Adam DeVine,Alexis Knapp,"$17,000,000.00","$115,400,000.00"
Pitch Perfect 2,20-04-2015,Comedy,Elizabeth Banks,,Anna Kendrick,Rebel Wilson,Hailee Steinfeld,Brittany Snow,Skylar Astin,"$29,000,000.00","$287,100,000.00"
Pixels,24-07-2015,Comedy,Chris Columbus,,Adam Sandler,Kevin James,Josh Gad,Peter Dinklage,Michelle Monaghan,"$129,000,000.00","$244,900,000.00"
Point Break,25-12-2015,Action,Ericson Core,,Edgar Ramirez,Luke Bracey,Ray Winstone,Teresa Palmer,,"$105,000,000.00","$133,700,000.00"
Polis Evo,17-09-2015,Action,Ghaz Abu Bakar,,Shaheizy Sam,Zizan Razak,Nora Danish,Mimie Ernida,Wan Hanafi Su,"$2,400,000.00","$17,300,000.00"
Poltergeist,22-05-2015,Horror,Gil Kenan,,Sam Rockwell,Jared Harris,Rosemarie DeWitt,Saxon Sharbino,Kyle Catlett,"$35,000,000.00","$95,400,000.00"
Pompeii,18-02-2014,Action,Paul W. S. Anderson,,Kit Harington,Emily Browning,Jared Harris,Kiefer Sutherland,Carrie-Anne Moss,"$80,000,000.00","$117,800,000.00"
Popstar: Never Stop Never Stopping,03-06-2016,Comedy,Jorma Taccone,Akiva Schaffer,Jorma Taccone,Akiva Schaffer,Andy Samberg (screenplay),,,"$20,000,000.00","$9,500,000.00"
Premium Rush,24-08-2012,Action,David Koepp,,Joseph Gordon-Levitt,Michael Shannon,Dania Ramirez,Wole Parks,Jamie Chung,"$35,000,000.00","$31,100,000.00"
Pride and Prejudice and Zombies,05-02-2016,Comedy,Burr Steers,,Lily James,Sam Riley,Matt Smith,Lena Headey,Charles Dance,"$28,000,000.00","$16,400,000.00"
Prisoners,20-09-2013,Crime,Denis Villeneuve,,Jake Gyllenhaal,Hugh Jackman,Paul Dano,Melissa Leo,Viola Davis,"$46,000,000.00","$122,100,000.00"
Project Almanac,30-01-2015,Sci-Fi,Dean Israelite,,Jonny Weston,Sofia Black-D'Elia,,,,"$12,000,000.00","$33,200,000.00"
Project X,02-03-2012,Comedy,Nima Nourizadeh,,Miles Teller,Oliver Cooper,Jonathan Daniel Brown,Kirby Bliss Blanton,Thomas Mann,"$12,000,000.00","$102,700,000.00"
Prometheus,08-06-2012,Sci-Fi,Ridley Scott,,Noomi Rapace,Michael Fassbender,Charlize Theron,Idris Elba,Guy Pearce,"$130,000,000.00","$403,400,000.00"
Promised Land,28-12-2012,Drama,Gus Van Sant,,Matt Damon,John Krasinski,Rosemarie DeWitt,Frances McDormand,,"$15,000,000.00","$8,100,000.00"
R.I.P.D.,19-07-2013,Action,Robert Schwentke,,Ryan Reynolds,Jeff Bridges,Kevin Bacon,Stephanie Szostak,Mary-Louise Parker,"$130,000,000.00","$78,300,000.00"
Race,19-02-2016,Drama,Stephen Hopkins,,Stephan James,Jason Sudeikis,Jeremy Irons,William Hurt,Carice van Houten,"$5,000,000.00","$23,500,000.00"
Raiders of the Lost Ark: The IMAX Experience,07-09-2012,Action,Steven Spielberg,,Harrison Ford,John Rhys-Davies,Karen Allen,Paul Freeman,Alfred Molina,"$18,000,000.00","$389,900,000.00"
Rams,15-05-2015,Drama,GrÃ­mur HÃ¡konarson,,SigurÃ°ur SigurjÃ³nsson,,,,,"$1,750,000.00","$1,740,000.00"
Ratchet & Clank,29-04-2016,Sci-Fi,Jerrica Cleland,Kevin Munroe,Paul Giamatti,John Goodman,Bella Thorne,Rosario Dawson,James Arnold Taylor,"$20,000,000.00","$12,800,000.00"
RED 2,19-07-2013,Action,Dean Parisot,,Bruce Willis,John Malkovich,Helen Mirren,Mary-Louise Parker,Catherine Zeta-Jones,"$84,000,000.00","$148,100,000.00"
Red Dawn,21-11-2012,Action,Dan Bradley,,Will Yun Lee,Chris Hemsworth,Josh Peck,Adrianne Palicki,Josh Hutcherson,"$65,000,000.00","$48,100,000.00"
Red Tails,20-01-2012,Drama,Anthony Hemingway,,Cuba Gooding Jr.,Nate Parker,David Oyelowo,Daniela Ruah,Terrence Howard,"$58,000,000.00","$50,400,000.00"
Resident Evil: Retribution,14-09-2012,Action,Paul W. S. Anderson,,Milla Jovovich,Sienna Guillory,Colin Salmon,Boris Kodjoe,Michelle Rodriguez,"$65,000,000.00","$240,200,000.00"
Ricki and the Flash,07-08-2015,Comedy,Jonathan Demme,,Meryl Streep,Kevin Kline,Mamie Gummer,Audra McDonald,Sebastian Stan,"$18,000,000.00","$41,300,000.00"
Riddick,06-09-2013,Action,David Twohy,,Vin Diesel,Karl Urban,Katee Sackhoff,Dave Bautista,Matthew Nable,"$40,000,000.00","$100,300,000.00"
Ride Along,17-01-2014,Action,Tim Story,,Ice Cube,Kevin Hart,John Leguizamo,Bruce McGill,Tika Sumpter,"$25,000,000.00","$154,500,000.00"
Ride Along 2,15-01-2016,Comedy,Tim Story,,Ice Cube,Kevin Hart,Benjamin Bratt,Olivia Munn,Ken Jeong,"$40,000,000.00","$124,200,000.00"
Rio 2,20-03-2014,Family,Carlos Saldanha,,Jesse Eisenberg,Anne Hathaway,Leslie Mann,Bruno Mars,Jemaine Clement,"$103,000,000.00","$500,100,000.00"
Rise of the Guardians,21-11-2012,Adventure,Peter Ramsey,,Chris Pine,Alec Baldwin,Hugh Jackman,Isla Fisher,Jude Law,"$145,000,000.00","$306,900,000.00"
Risen,19-02-2016,Drama,Kevin Reynolds,,Joseph Fiennes,Tom Felton,Cliff Curtis,,,"$20,000,000.00","$46,100,000.00"
RoboCop,30-01-2014,Action,JosÃ© Padilha,,Joel Kinnaman,Gary Oldman,Michael Keaton,Samuel L. Jackson,Jackie Earle Haley,"$100,000,000.00","$242,700,000.00"
Robot & Frank,17-08-2012,Comedy,Jake Schreier,,Frank Langella,Susan Sarandon,James Marsden,Liv Tyler,Peter Sarsgaard,"$2,500,000.00","$4,900,000.00"
Rock of Ages,15-06-2012,Musical,Adam Shankman,,Julianne Hough,Diego Boneta,Tom Cruise,Alec Baldwin,Russell Brand,"$75,000,000.00","$59,400,000.00"
Rock the Kasbah,22-10-2015,Comedy,Barry Levinson,,Bill Murray,Bruce Willis,Kate Hudson,Scott Caan,Zooey Deschanel,"$15,000,000.00","$3,400,000.00"
Romeo and Juliet,26-07-2013,Drama,Carlo Carlei,,Hailee Steinfeld,Douglas Booth,Damian Lewis,Natascha McElhone,Lesley Manville,"$15,000,000.00","$3,000,000.00"
Room,04-09-2015,Drama,Lenny Abrahamson,,Brie Larson,Joan Allen,William H. Macy,Sean Bridgers,Jacob Tremblay,"$13,000,000.00","$36,000,000.00"
Run All Night,13-03-2015,Action,Jaume Collet-Serra,,Liam Neeson,Joel Kinnaman,Ed Harris,,,"$61,600,000.00","$71,700,000.00"
"Runner, Runner",27-09-2013,Crime,Brad Furman,,Ben Affleck,Justin Timberlake,Gemma Arterton,Anthony Mackie,,"$30,000,000.00","$30,000,000.00"
Rush,20-09-2013,Action,Ron Howard,,Chris Hemsworth,Daniel Bruhl,Olivia Wilde,Alexandra Maria Lara,,"$38,000,000.00","$90,200,000.00"
Sabotage,19-03-2014,Action,David Ayer,,Arnold Schwarzenegger,Mireille Enos,Sam Worthington,Joe Manganiello,Olivia Williams,"$35,000,000.00","$17,500,000.00"
Safe House,10-02-2012,Action,Daniel Espinosa,,Denzel Washington,Ryan Reynolds,Sam Shepard,Robert Patrick,Liam Cunningham,"$85,000,000.00","$208,100,000.00"
Salmon Fishing in the Yemen,09-03-2012,Drama,Lasse HallstrÃ¶m,,Ewan McGregor,Emily Blunt,Kristin Scott Thomas,Amr Waked,,"$14,400,000.00","$34,600,000.00"
Savages,06-07-2012,Crime,Oliver Stone,,Taylor Kitsch,Blake Lively,Aaron Johnson,John Travolta,Benicio del Toro,"$45,000,000.00","$83,000,000.00"
Scary Movie 5,12-04-2013,Comedy,Malcolm D. Lee,,Ashley Tisdale,Simon Rex,Lindsay Lohan,Charlie Sheen,Terry Crews,"$20,000,000.00","$78,400,000.00"
Secret in Their Eyes,20-11-2015,Crime,Billy Ray,,Julia Roberts,Nicole Kidman,Chiwetel Ejiofor,Dean Norris,,"$19,500,000.00","$32,200,000.00"
Self/less,10-07-2015,Drama,Tarsem Singh,,Ryan Reynolds,Ben Kingsley,Natalie Martinez,Victor Garber,Matthew Goode,"$26,000,000.00","$30,500,000.00"
Selma,25-12-2014,Drama,Ava DuVernay,,David Oyelowo,Tom Wilkinson,Common,Carmen Ejogo,,"$20,000,000.00","$66,800,000.00"
Seventh Son,17-12-2014,Fantasy,Sergei Bodrov,,Sergei Bodrov (director) Ben Barnes,Jeff Bridges,Julianne Moore,Alicia Vikander,Kit Harington,"$95,000,000.00","$114,200,000.00"
Shaun the Sheep Movie,24-01-2015,Adventure,Mark Burton,,Justin Fletcher,John Sparkes,,,,"$25,000,000.00","$106,000,000.00"
Sicario,19-05-2015,Crime,Denis Villeneuve,,Emily Blunt,Benicio del Toro,Josh Brolin,Jon Bernthal,,"$30,000,000.00","$84,900,000.00"
Side Effects,08-02-2013,Crime,Steven Soderbergh,,Rooney Mara,Jude Law,Channing Tatum,Catherine Zeta-Jones,Vinessa Shaw,"$30,000,000.00","$66,700,000.00"
Silent Hill: Revelation 3D,26-10-2012,Horror,Michael J. Bassett,,Adelaide Clemens,Sean Bean,Radha Mitchell,Kit Harington,Carrie-Anne Moss,"$20,000,000.00","$52,300,000.00"
Silver Linings Playbook,16-11-2012,Drama,David O. Russell,,Bradley Cooper,Jennifer Lawrence,Brea Bee,Robert De Niro,Jacki Weaver,"$21,000,000.00","$236,400,000.00"
Sin City: A Dame to Kill For,19-08-2014,Crime,Frank Miller,Robert Rodriguez,Jessica Alba,Powers Boothe,Josh Brolin,Rosario Dawson,Joseph Gordon-Levitt,"$65,000,000.00","$39,400,000.00"
Sinister,12-10-2012,Horror,Scott Derrickson,,Ethan Hawke,Juliet Rylance,Fred Thompson,Vincent D'Onofrio,,"$3,000,000.00","$77,700,000.00"
Sinister 2,21-08-2015,Horror,Ciaran Foy,,James Ransone,Shannyn Sossamon,,,,"$10,000,000.00","$52,900,000.00"
Sisters,18-12-2015,Comedy,Jason Moore,,Amy Poehler,Tina Fey,John Cena,Maya Rudolph,,"$30,000,000.00","$105,000,000.00"
Snitch,22-02-2013,Action,Ric Roman Waugh,,Dwayne Johnson,Susan Sarandon,Benjamin Bratt,Barry Pepper,,"$15,000,000.00","$57,800,000.00"
Snow White and the Huntsman,01-06-2012,Action,Rupert Sanders,,Charlize Theron,Kristen Stewart,Chris Hemsworth,Sam Spruell,Ian McShane,"$170,000,000.00","$396,600,000.00"
Son of God,28-02-2014,Drama,Christopher Spencer,,Diogo Morgado,Roma Downey,Darwin Shaw,,,"$22,000,000.00","$67,800,000.00"
Son of Saul,15-05-2015,Drama,LÃ¡szlÃ³ Nemes,,GÃ©za RÃ¶hrig,,,,,"$1,500,000.00","$6,200,000.00"
Southpaw,15-06-2015,Drama,Antoine Fuqua,,Jake Gyllenhaal,Rachel McAdams,Naomie Harris,Forest Whitaker,Victor Ortiz,"$30,000,000.00","$92,000,000.00"
Spotlight,03-09-2015,Drama,Tom McCarthy,,Mark Ruffalo,Michael Keaton,Rachel McAdams,Liev Schreiber,John Slattery,"$20,000,000.00","$88,300,000.00"
Spy,15-05-2015,Action,Paul Feig,,Melissa McCarthy,Jason Statham,Rose Byrne,Miranda Hart,Bobby Cannavale,"$65,000,000.00","$235,700,000.00"
St. Vincent,05-09-2014,Comedy,Theodore Melfi,,Bill Murray,Melissa McCarthy,Naomi Watts,Chris O'Dowd,Kimberly Quinn,"$13,000,000.00","$54,800,000.00"
Stand by Me Doraemon,08-08-2014,Animation,Takashi Yamazaki,Ryuichi Yagi,Wasabi Mizuta,Megumi Ohara,Yumi Kakazu,Tomokazu Seki,Subaru Kimura,"$35,000,000.00","$196,400,000.00"
Star Trek Beyond,22-07-2016,Action,Justin Lin,,Chris Pine,Zachary Quinto,Zoe Saldana,Karl Urban,John Cho,"$185,000,000.00","$243,000,000.00"
Step Up: All In,08-08-2014,Drama,Trish Sie,,Ryan Guzman,Briana Evigan,Alyson Stoner,Adam Sevani,Mari Koda,"$45,000,000.00","$86,200,000.00"
Steve Jobs,05-09-2015,Biography,Danny Boyle,,Michael Fassbender,Seth Rogen,Kate Winslet,Jeff Daniels,Katherine Waterston,"$30,000,000.00","$34,400,000.00"
Straight Outta Compton,11-08-2015,Biography,F. Gary Gray,,O'Shea Jackson,Jr.,Corey Hawkins,Jason Mitchell,Aldis Hodge,"$50,000,000.00","$201,600,000.00"
Suffragette,04-09-2015,Drama,Sarah Gavron,,Carey Mulligan,Helena Bonham Carter,Meryl Streep,Ben Whishaw,Brendan Gleeson,"$14,000,000.00","$32,000,000.00"
Suicide Squad,05-08-2016,Action,David Ayer,,Will Smith,Jared Leto,Margot Robbie,Joel Kinnaman,Viola Davis,"$175,000,000.00","$636,700,000.00"
Taken 2,05-10-2012,Action,Olivier Megaton,,Liam Neeson,Famke Janssen,Maggie Grace,Rade Sherbedgia,Luke Grimes,"$43,000,000.00","$376,100,000.00"
Tammy,02-07-2014,Comedy,Ben Falcone,,Melissa McCarthy,Susan Sarandon,Allison Janney,Toni Collette,Sandra Oh,"$20,000,000.00","$100,500,000.00"
Ted,29-06-2012,Comedy,Seth MacFarlane,,Mark Wahlberg,Mila Kunis,Seth MacFarlane,Giovanni Ribisi,Joel McHale,"$51,000,000.00","$549,400,000.00"
Ted 2,24-06-2015,Comedy,Seth MacFarlane,,Alec Sulkin,Wellesley Wild(screenplay) Mark Wahlberg,Seth MacFarlane,Amanda Seyfried,Giovanni Ribisi,"$68,000,000.00","$216,700,000.00"
Teenage Mutant Ninja Turtles,29-07-2014,Action,Jonathan Liebesman,,Megan Fox,Johnny Knoxville,Alan Ritchson,Noel Fisher,Jeremy Howard,"$125,000,000.00","$493,300,000.00"
Teenage Mutant Ninja Turtles: Out of the Shadows,22-05-2016,Action,Dave Green,,Megan Fox,Stephen Amell,Will Arnett,Laura Linney,Brian Tee,"$135,000,000.00","$242,500,000.00"
Terminator Genisys,22-06-2015,Sci-Fi,Alan Taylor,,Arnold Schwarzenegger,J. K. Simmons,Emilia Clarke,Jason Clarke,Jai Courtney,"$155,000,000.00","$440,600,000.00"
Texas Chainsaw 3D,04-01-2013,Horror,John Luessenhop,,Alexandra Daddario,Dan Yeager,Trey Songz,Scott Eastwood,Tania Raymonde,"$20,000,000.00","$47,200,000.00"
That Awkward Moment,27-01-2014,Comedy,Tom Gormican,,Zac Efron,Michael B. Jordan,Miles Teller,Imogen Poots,Jessica Lucas,"$8,000,000.00","$40,500,000.00"
The 33,06-08-2015,Drama,Patricia Riggen,,Antonio Banderas,Rodrigo Santoro,Juliette Binoche,James Brolin,Lou Diamond Phillips,"$26,000,000.00","$24,900,000.00"
The 5th Wave,22-01-2016,Sci-Fi,J Blakeson,,ChloÃ« Grace Moretz,Nick Robinson,Alex Roe,Liev Schreiber,Maika Monroe,"$35,000,000.00","$110,700,000.00"
The Age of Adaline,24-04-2015,Romance,Lee Toland Krieger,,Blake Lively,Michiel Huisman,Harrison Ford,Ellen Burstyn,Amanda Crew,"$25,000,000.00","$65,700,000.00"
The Amazing Spider-Man,03-07-2012,Action,Marc Webb,,Andrew Garfield,Emma Stone,Max Charles,Martin Sheen,Sally Field,"$230,000,000.00","$757,900,000.00"
The Angry Birds Movie,05-05-2016,Comedy,Clay Kaytis,Fergal Reilly,Jason Sudeikis,Josh Gad,Danny McBride,Bill Hader,Maya Rudolph,"$73,000,000.00","$346,900,000.00"
The Best Exotic Marigold Hotel â‚ª,04-05-2012,Comedy,John Madden,,Judi Dench,Bill Nighy,Dev Patel,Tom Wilkinson,Maggie Smith,"$10,000,000.00","$136,800,000.00"
The Big Short,11-12-2015,Biography,Adam McKay,,Religious Bale,Steve Carell,Ryan Gosling,Brad Pitt,Melissa Leo,"$28,000,000.00","$133,300,000.00"
The Bling Ring,14-06-2013,Comedy,Sofia Coppola,,Emma Watson,Israel Broussard,Katie Chang,Claire Julien,Taissa Farmiga,"$8,000,000.00","$19,100,000.00"
The Book of Life,12-10-2014,Family,Jorge R. Gutierrez,,Christina Applegate,Diego Luna,Zoe Saldana,Channing Tatum,,"$50,000,000.00","$99,800,000.00"
The Boss,08-04-2016,Comedy,Ben Falcone,,Melissa McCarthy,Kristen Bell,Peter Dinklage,Tyler Labine,Kristen Schaal,"$29,000,000.00","$78,600,000.00"
The Bourne Legacy,10-08-2012,Action,Tony Gilroy,,Jeremy Renner,Rachel Weisz,Edward Norton,Oscar Isaac,Joan Allen,"$125,000,000.00","$276,100,000.00"
The Boxtrolls,31-08-2014,Family,Anthony Stacchi,Graham Annable,Ben Kingsley,Toni Collette,Elle Fanning,Isaac Hempstead-Wright,Jared Harris,"$60,000,000.00","$109,300,000.00"
The Boy,22-01-2016,Horror,William Brent Bell,,Lauren Cohan,Rupert Evans,Jim Norton,Diana Hardcastle,,"$10,000,000.00","$64,200,000.00"
The Butler,16-08-2013,Drama,Lee Daniels,,Forest Whitaker,Oprah Winfrey,David Oyelowo,Liam Neeson,John Cusack,"$30,000,000.00","$176,600,000.00"
The Cabin in the Woods,13-04-2012,Horror,Drew Goddard,,Richard Jenkins,Bradley Whitford,Jesse Williams,Chris Hemsworth,Kristen Connolly,"$30,000,000.00","$66,500,000.00"
The Call,15-03-2013,Mystery,Brad Anderson,,Abigail Breslin,Halle Berry,Morris Chestnut,Michael Eklund,Michael Imperioli,"$13,000,000.00","$68,600,000.00"
The Campaign,10-08-2012,Comedy,Jay Roach,,Will Ferrell,Zach Galifianakis,Jason Sudeikis,Katherine LaNasa,Dylan McDermott,"$95,000,000.00","$104,900,000.00"
The Cold Light of Day,07-09-2012,Action,Mabrouk El Mechri,,Henry Cavill,Bruce Willis,Sigourney Weaver,Veronica Echegui,Roschoy Zem,"$20,000,000.00","$16,900,000.00"
The Collection,30-11-2012,Horror,Marcus Dunstan,,Josh Stewart,Emma Fitzpatrick,,,,"$10,000,000.00","$8,900,000.00"
The Conjuring,19-07-2013,Thriller,James Wan,,Patrick Wilson,Vera Farmiga,Ron Livingston,Lili Taylor,Shannon Kook,"$20,000,000.00","$318,000,000.00"
The Conjuring 2,07-06-2016,Horror,James Wan,,Patrick Wilson,Vera Farmiga,,,,"$40,000,000.00","$319,500,000.00"
The Croods,22-03-2013,Adventure,Chris Sanders,Kirk DeMicco,Nicolas Cage,Ryan Reynolds,Emma Stone,Catherine Keener,Clark Duke,"$135,000,000.00","$587,200,000.00"
The Danish Girl,05-09-2015,Drama,Tom Hooper,,Eddie Redmayne,Alicia Vikander,Matthias Schoenaerts,Ben Whishaw,,"$15,000,000.00","$64,200,000.00"
The Darkness,13-05-2016,Horror,Greg McLean,,Kevin Bacon,Radha Mitchell,David Mazouz,Lucy Fry,Matt Walsh,"$4,000,000.00","$10,900,000.00"
The Devil Inside,06-01-2012,Horror,William Brent Bell,,Suzan Crowley,Fernanda Andrade,Simon Quarterman,Evan Helmuth,,"$1,000,000.00","$101,800,000.00"
The Dictator,16-05-2012,Comedy,Larry Charles,,Sacha Baron Cohen,Ben Kingsley,Anna Faris,Megan Fox,John C. Reilly,"$65,000,000.00","$179,400,000.00"
The Divergent Series: Allegiant,18-03-2016,Adventure,Robert Schwentke,,Shailene Woodley,Theo James,Naomi Watts,Jeff Daniels,Ansel Elgort,"$110,000,000.00","$179,200,000.00"
The Divergent Series: Insurgent,19-03-2015,Sci-Fi,Robert Schwentke,,Shailene Woodley,Kate Winslet,Theo James,Ansel Elgort,Naomi Watts,"$110,000,000.00","$297,300,000.00"
The Drop,12-09-2014,Drama,MichaÃ«l R. Roskam,,Tom Hardy,Noomi Rapace,James Gandolfini,Matthias Schoenaerts,John Ortiz,"$12,600,000.00","$18,700,000.00"
The Duff,12-02-2015,Comedy,Ari Sandel,,Mae Whitman,Robbie Amell,Bella Thorne,Bianca A. Santos,Allison Janney,"$8,500,000.00","$43,500,000.00"
The East,31-05-2013,Crime,Zal Batmanglij,,Brit Marling,Alexander Skarsgard,Ellen Page,Julia Ormond,Patricia Clarkson,"$6,500,000.00","$2,400,000.00"
The Equalizer,07-09-2014,Thriller,Antoine Fuqua,,Denzel Washington,ChloÃ« Grace Moretz,Marton Csokas,David Harbour,Bill Pullman,"$55,000,000.00","$192,300,000.00"
The Expendables 2,17-08-2012,Action,Simon West,,Sylvester Stallone,Jason Statham,Dolph Lundgren,Terry Crews,Randy Couture,"$100,000,000.00","$305,400,000.00"
The Expendables 3,04-08-2014,Action,Patrick Hughes,,Sylvester Stallone,Arnold Schwarzenegger,Harrison Ford,Mel Gibson,Jason Statham,"$90,000,000.00","$206,200,000.00"
The Family,13-09-2013,Crime,Luc Besson,,Robert De Niro,Michelle Pfeiffer,Dianna Agron,Tommy Lee Jones,Vincent Pastore,"$30,000,000.00","$78,400,000.00"
The Fault in Our Stars,16-05-2014,Drama,Josh Boone,,Shailene Woodley,Ansel Elgort,,,,"$13,000,000.00","$307,200,000.00"
The Five-Year Engagement,27-04-2012,Comedy,Nicholas Stoller,,Jason Segel,Emily Blunt,Chris Pratt,Alison Brie,Rhys Ifans,"$30,000,000.00","$53,900,000.00"
The Forest,08-01-2016,Horror,Jason Zada,,Natalie Dormer,Taylor Kinney,,,,"$10,000,000.00","$37,600,000.00"
The Gift,30-07-2015,Thriller,Joel Edgerton,,Jason Bateman,Rebecca Hall,Joel Edgerton,,,"$5,000,000.00","$59,000,000.00"
The Giver,11-08-2014,Sci-Fi,Phillip Noyce,,Jeff Bridges,Brenton Thwaites,Meryl Streep,Alexander SkarsgÃ¥rd,Katie Holmes,"$25,000,000.00","$67,000,000.00"
The Grand Budapest Hotel,06-02-2014,Comedy,Wes Anderson,,Ralph Fiennes,Tony Revolori,F. Murray Abraham,Mathieu Amalric,Adrien Brody,"$23,000,000.00","$174,800,000.00"
The Great Gatsby,10-05-2013,Drama,Baz Luhrmann,,Leonardo DiCaprio,Tobey Maguire,Joel Edgerton,Carey Mulligan,Isla Fisher,"$105,000,000.00","$351,000,000.00"
The Grey,27-01-2012,Action,Joe Carnahan,,Liam Neeson,Frank Grillo,Dermot Mulroney,Dallas Roberts,,"$25,000,000.00","$77,300,000.00"
The Gunman,20-03-2015,Thriller,Pierre Morel,,Sean Penn,Javier Bardem,Ray Winstone,Idris Elba,Mark Rylance,"$40,000,000.00","$24,200,000.00"
The Hangover Part III,23-05-2013,Comedy,Todd Phillips,,Bradley Cooper,Zach Galifianakis,Ed Helms,Justin Bartha,Ken Jeong,"$103,000,000.00","$362,000,000.00"
The Hateful Eight,25-12-2015,Drama,Quentin Tarantino,,Samuel L. Jackson,Kurt Russell,Jennifer Jason Leigh,Walton Goggins,Tim Roth,"$44,000,000.00","$155,800,000.00"
The Heat,28-06-2013,Action,Paul Feig,,Sandra Bullock,Melissa McCarthy,Kaitlin Olson,Tony Hale,Demian Bichir,"$43,000,000.00","$229,900,000.00"
The Hobbit: The Battle of the Five Armies,01-12-2014,Adventure,Peter Jackson,,Ian McKellen,Martin Freeman,Richard Armitage,Evangeline Lilly,Luke Evans,"$250,000,000.00","$956,000,000.00"
The Host,29-03-2013,Sci-Fi,Andrew Niccol,,Saoirse Ronan,Max Irons,Jake Abel,Diane Kruger,William Hurt,"$40,000,000.00","$63,300,000.00"
The Hundred-Foot Journey,08-08-2014,Drama,Lasse HallstrÃ¶m,,Helen Mirren,Manish Dayal,,,,"$22,000,000.00","$88,900,000.00"
The Hunger Games,23-03-2012,Action,Gary Ross,,Jennifer Lawrence,Josh Hutcherson,Liam Hemsworth,Wes Bentley,Elizabeth Banks,"$78,000,000.00","$694,400,000.00"
The Hunger Games: Mockingjay â€“ Part 1,10-11-2014,Sci-Fi,Francis Lawrence,,Jennifer Lawrence,Josh Hutcherson,Woody Harrelson,Julianne Moore,Donald Sutherland,"$125,000,000.00","$755,400,000.00"
The Hunger Games: Mockingjay â€“ Part 2,04-11-2015,Sci-Fi,Francis Lawrence,,Jennifer Lawrence,Josh Hutcherson,Liam Hemsworth,Woody Harrelson,Elizabeth Banks,"$160,000,000.00","$653,400,000.00"
The Huntsman: Winter's War,22-04-2016,Fantasy,Cedric Nicolas-Troyan,,Chris Hemsworth,Charlize Theron,Emily Blunt,Jessica Chastain,Nick Frost,"$115,000,000.00","$164,600,000.00"
The Iceman,03-05-2013,Drama,Ariel Vromen,,Morgan Land (screenplay),Michael Shannon,Winona Ryder,Chris Evans,Ray Liotta,"$10,000,000.00","$4,400,000.00"
The Identical,17-04-2014,Religious,Dustin Marcellino,,Ray Liotta,Ashley Judd,Seth Green,Brian Geraghty,Joe Pantoliano,"$16,000,000.00","$2,800,000.00"
The Imitation Game,29-08-2014,Drama,Morten Tyldum,,Benedict Cumberbatch,Keira Knightley,Matthew Goode,Rory Kinnear,Allen Leech,"$14,000,000.00","$233,600,000.00"
The Impossible,21-12-2012,Drama,Juan Antonio Bayona,,Naomi Watts,Ewan McGregor,,,,"$45,000,000.00","$180,300,000.00"
The Incredible Burt Wonderstone,15-03-2013,Comedy,Don Scardino,,Steve Carell,Jim Carrey,Steve Buscemi,Olivia Wilde,James Gandolfini,"$34,000,000.00","$27,400,000.00"
The Infiltrator,13-07-2016,Drama,Brad Furman,,Bryan Cranston,Diane Kruger,Benjamin Bratt,John Leguizamo,Amy Ryan,"$47,500,000.00","$15,200,000.00"
The Intern,15-09-2015,Comedy,Nancy Meyers,,Robert De Niro,Anne Hathaway,Rene Russo,Adam DeVine,Anders Holm,"$44,000,000.00","$194,600,000.00"
The Internship,07-06-2013,Comedy,Shawn Levy,,Vince Vaughn,Owen Wilson,Dylan O'Brien,Rose Byrne,Jessica Szohr,"$58,000,000.00","$93,000,000.00"
The Interview,11-12-2014,Action,Seth Rogen,Evan Goldberg,Seth Rogen,James Franco,Lizzy Caplan,,,"$44,000,000.00","$11,300,000.00"
The Judge,04-09-2014,Comedy,David Dobkin,,Robert Downey,Jr.,Robert Duvall,Vera Farmiga,Billy Bob Thornton,"$50,000,000.00","$84,400,000.00"
The Lady in the Van,04-12-2015,Comedy,Nicholas Hytner,,Maggie Smith,Alex Jennings,Jim Broadbent,Frances de la Tour,Roger Allam,"$6,000,000.00","$41,400,000.00"
The Last Exorcism Part II,01-03-2013,Horror,Ed Gass-Donnelly,,Ashley Bell,Spencer Treat Clark,Muse Watson,Louis Herthum,Judd Lormand,"$5,000,000.00","$15,100,000.00"
The Last Stand,18-01-2013,Action,Kim Ji-woon,,Arnold Schwarzenegger,Forest Whitaker,Peter Stormare,Jaimie Alexander,Rodrigo Santoro,"$45,000,000.00","$48,300,000.00"
The Last Witch Hunter,23-10-2015,Action,Breck Eisner,,Vin Diesel,Michael Caine,Rose Leslie,Elijah Wood,,"$90,000,000.00","$140,400,000.00"
The Lazarus Effect,27-02-2015,Horror,David Gelb,,Olivia Wilde,Mark Duplass,Donald Glover,,,"$3,300,000.00","$38,400,000.00"
The Legend of Hercules,10-01-2014,Action,Renny Harlin,,Kellan Lutz,Gaia Weiss,Scott Adkins,Roxanne McKee,Liam Garrigan,"$70,000,000.00","$61,300,000.00"
The Legend of Tarzan,01-07-2016,Action,David Yates,,Alexander Skarsgard,Margot Robbie,Christoph Waltz,Samuel L. Jackson,Djimon Hounsou,"$180,000,000.00","$352,700,000.00"
The Lego Movie,01-02-2014,Family,Phil Lord,Chris Miller,Chris Pratt,Will Ferrell,Elizabeth Banks,Will Arnett,Nick Offerman,"$60,000,000.00","$469,200,000.00"
The Letters,04-12-2015,Drama,William Riead,,Juliet Stevenson,Max von Sydow,Rutger Hauer,Priya Darshini,,"$1,000,000.00","$1,600,000.00"
The Lucky One,20-04-2012,Drama,Scott Hicks,,Zac Efron,Taylor Schilling,Jay R. Ferguson,Riley Thomas Stewart,Adam Lefevre,"$25,000,000.00","$99,400,000.00"
The Man from U.N.C.L.E.,07-08-2015,Action,Guy Ritchie,,Henry Cavill,Armie Hammer,Elizabeth Debicki,Alicia Vikander,Hugh Grant,"$75,000,000.00","$109,800,000.00"
The Man with the Iron Fists,02-11-2012,Action,RZA,,Russell Crowe,Lucy Liu,David Bautista,RZA,Byron Mann,"$20,000,000.00","$20,300,000.00"
The Martian,11-09-2015,Sci-Fi,Ridley Scott,,Matt Damon,Jeff Daniels,Kristen Wiig,Sean Bean,Jessica Chastain,"$108,000,000.00","$630,200,000.00"
The Master,14-09-2012,Drama,Paul Thomas Anderson,,Philip Seymour Hoffman,Joaquin Phoenix,Jesse Plemons,David Warshofsky,Amy Adams,"$32,000,000.00","$28,300,000.00"
The Maze Runner,19-09-2014,Sci-Fi,Wes Ball,,Dylan O'Brien,Will Poulter,Thomas Sangster,Aml Ameen,Kaya Scodelario,"$34,000,000.00","$348,300,000.00"
The Mermaid,08-02-2016,Sci-Fi,Stephen Chow,,Deng Chao,Lin Yun,Show Luo,Zhang Yuqi,Kris Wu,"$60,720,000.00","$553,800,000.00"
The Monuments Men,07-02-2014,Drama,George Clooney,,George Clooney,Matt Damon,Bill Murray,John Goodman,Jean Dujardin,"$70,000,000.00","$155,000,000.00"
The Mortal Instruments: City of Bones,21-08-2013,Action,Harald Zwart,,Lily Collins,Jamie Campbell Bower,Robert Sheehan,Jemima West,Kevin Durand,"$60,000,000.00","$90,600,000.00"
The Night Before,20-11-2015,Comedy,Jonathan Levine,,Joseph Gordon-Levitt,Seth Rogen,Anthony Mackie,,,"$25,000,000.00","$52,400,000.00"
The November Man,27-08-2014,Thriller,Roger Donaldson,,Pierce Brosnan,Olga Kurylenko,Luke Bracey,Bill Smitrovich,Will Patton,"$15,000,000.00","$34,800,000.00"
The Nut Job,11-01-2014,Family,Peter Lepeniotis,,Will Arnett,Katherine Heigl,Liam Neeson,Brendan Fraser,Gabriel Iglesias,"$42,800,000.00","$120,900,000.00"
The Oogieloves in the Big Balloon Adventure,29-08-2012,Family,Matthew Diamond,,Toni Braxton,Cloris Leachman,Christopher Lloyd,Chazz Palminteri,Cary Elwes,"$20,000,000.00","$1,100,000.00"
The Other Woman,31-03-2014,Comedy,Nick Cassavetes,,Cameron Diaz,Leslie Mann,Kate Upton,Nikolaj Coster-Waldau,Taylor Kinney,"$40,000,000.00","$196,700,000.00"
The Peanuts Movie,01-11-2015,Animation,Steve Martino,,Bill Melendez,Noah Schnapp,Hadley Belle Miller,AJ Teece,Noah Johnston,"$99,000,000.00","$246,200,000.00"
The Perfect Guy,02-09-2015,Thriller,David M. Rosenthal,,Sanaa Lathan,Michael Ealy,Morris Chestnut,,,"$18,000,000.00","$60,300,000.00"
The Perfect Match,11-03-2016,Romance,Bille Woodruff,,Terrence J,Cassie Ventura,Donald Faison,Dascha Polanco,Robert Christopher Riley,"$5,000,000.00","$10,400,000.00"
The Perks of Being a Wallflower,21-09-2012,Drama,Stephen Chbosky,,Emma Watson,Logan Lerman,Mae Whitman,Nina Dobrev,Johnny Simmons,"$13,000,000.00","$33,400,000.00"
The Pirates! Band of Misfits,27-04-2012,Comedy,Peter Lord,Jeff Newitt,Hugh Grant,Salma Hayek,Jeremy Piven,Imelda Staunton,David Tennant,"$55,000,000.00","$123,000,000.00"
The Place Beyond the Pines,29-03-2013,Crime,Derek Cianfrance,,Ryan Gosling,Bradley Cooper,Rose Byrne,Eva Mendes,Ray Liotta,"$15,000,000.00","$47,000,000.00"
The Possession,31-08-2012,Horror,Ole Bornedal,,Jeffrey Dean Morgan,Kyra Sedgwick,,,,"$14,000,000.00","$78,500,000.00"
The Purge,31-05-2013,Sci-Fi,James DeMonaco,,Ethan Hawke,Lena Headey,Max Burkholder,Tony Oller,Edwin Hodge,"$3,000,000.00","$89,300,000.00"
The Purge: Election Year,01-07-2016,Horror,James DeMonaco,,Frank Grillo,Betty Gabriel,Edwin Hodge,Kyle Secor,Joseph Julian Soria,"$10,000,000.00","$105,600,000.00"
The Raid 2,21-01-2014,Action,Gareth Evans,,Iko Uwais,Tio Pakusadewo,Arifin Putra,Julie Estelle,Alex Abbad,"$4,500,000.00","$6,600,000.00"
The Raid: Redemption â‚ª,23-03-2012,Action,Gareth Evans,,Iko Uwais,Doni Alamsyah,Joe Taslim,Yayan Ruhian,Ray Sahetapy,"$1,100,000.00","$9,140,000.00"
The Raven,27-04-2012,Thriller,James McTeigue,,John Cusack,Alice Eve,Luke Evans,Brendan Gleeson,Oliver Jackson-Cohen,"$26,000,000.00","$29,700,000.00"
The Revenant,25-12-2015,Thriller,Alejandro G. IÃ±Ã¡rritu,,Leonardo DiCaprio,Tom Hardy,Domhnall Gleeson,Will Poulter,,"$135,000,000.00","$533,000,000.00"
The Second Best Exotic Marigold Hotel,26-02-2015,Comedy,John Madden,,Judi Dench,Bill Nighy,Maggie Smith,Richard Gere,Celia Imrie,"$10,000,000.00","$86,000,000.00"
The Second Mother,25-01-2015,Drama,Anna Muylaert,,Regina CasÃ©,Michel Joelsas,Camila MÃ¡rdila,,,"$4,000,000.00","$6,200,000.00"
The Secret Life of Pets,08-07-2016,Adventure,Chris Renaud,Yarrow Cheney,Louis C.K.,Eric Stonestreet,Kevin Hart,Albert Brooks,Hannibal Buress,"$75,000,000.00","$724,900,000.00"
The Secret World of Arrietty,17-02-2012,Adventure,Gary Rydstrom,,Will Arnett,Amy Poehler,Carol Burnett,Bridgit Mendler,David Henrie,"$23,000,000.00","$145,600,000.00"
The Shallows,21-06-2016,Horror,Jaume Collet-Serra,,Blake Lively,Ã“scar Jaenada,,,,"$17,000,000.00","$93,200,000.00"
The Signal,20-01-2014,Sci-Fi,William Eubank,,Brenton Thwaites,Olivia Cooke,Sarah Clarke,Laurence Fishburne,,"$4,000,000.00","$2,420,000.00"
The Single Moms Club,14-03-2014,Comedy,Tyler Perry,,Tyler Perry,Nia Long,Wendi McLendon-Covey,Zulay Henao,Cocoa Brown,"$8,000,000.00","$16,300,000.00"
The Smurfs 2,31-07-2013,Adventure,Raja Gosnell,,Neil Patrick Harris,Jayma Mays,Hank Azaria,Tim Gunn,Brendan Gleeson,"$105,000,000.00","$347,500,000.00"
The Spectacular Now,02-08-2013,Drama,James Ponsoldt,,Miles Teller,Shailene Woodley,Kaitlyn Dever,Brie Larson,Dayo Okeniyi,"$2,500,000.00","$6,900,000.00"
The SpongeBob Movie: Sponge Out of Water,06-02-2015,Adventure,Paul Tibbitt,Jonathan Aibel,Paul Tibbitt (director),Jonathan Aibel,Glenn Berger(screenplay),Antonio Banderas,Tom Kenny,"$74,000,000.00","$323,400,000.00"
The Sweet Escape,10-06-2015,Comedy,Bruno PodalydÃ¨s,,Bruno PodalydÃ¨s,Sandrine Kiberlain,AgnÃ¨s Jaoui,Vimala Pons,,"$3,800,000.00","$3,300,000.00"
The Theory of Everything,07-09-2014,Biography,James Marsh,,Eddie Redmayne,Felicity Jones,,,,"$15,000,000.00","$123,700,000.00"
The Three Stooges,13-04-2012,Comedy,Bobby Farrelly,Peter Farrelly,Chris Diamantopoulos,Sean Hayes,Will Sasso,Jane Lynch,Larry David,"$30,000,000.00","$54,800,000.00"
The Transporter Refueled,04-09-2015,Action,Camille Delamarre,,Ed Skrein,Ray Stevenson,Loan Chabanol,Gabriella Wright,,"$25,000,000.00","$72,600,000.00"
The Twilight Saga: Breaking Dawn â€“ Part 2,16-11-2012,Fantasy,Bill Condon,,Kristen Stewart,Robert Pattinson,Michael Sheen,Mackenzie Foy,Billy Burke,"$120,000,000.00","$829,700,000.00"
The Vatican Tapes,25-07-2015,Horror,Mark Neveldine,,Kathleen Robertson,Michael PeÃ±a,Djimon Hounsou,Dougray Scott,John Patrick Amedori,"$13,000,000.00","$13,500,000.00"
The Visit,08-09-2015,Horror,M. Night Shyamalan,,Kathryn Hahn,Ed Oxenbould,Deanna Dunagan,Peter McRobbie,Olivia DeJonge,"$5,000,000.00","$98,500,000.00"
The Walk,30-09-2015,Biography,Robert Zemeckis,,Joseph Gordon-Levitt,Ben Kingsley,James Badge Dale,Charlotte Le Bon,,"$45,000,000.00","$61,200,000.00"
The Watch,27-07-2012,Comedy,Akiva Schaffer,,Ben Stiller,Vince Vaughn,Rosemarie DeWitt,Jonah Hill,Richard Ayoade,"$68,000,000.00","$68,300,000.00"
The Water Diviner,26-12-2014,Drama,Russell Crowe,,Cem YÄ±lmaz,Miyavi,YÄ±lmaz ErdoÄŸan,,,"$22,500,000.00","$30,800,000.00"
"The Way, Way Back",05-07-2013,Comedy,Nat Faxon,Jim Rash,Steve Carell,Toni Collette,Allison Janney,AnnaSophia Robb,Sam Rockwell,"$5,000,000.00","$5,000,000.00"
The Wedding Ringer,16-01-2015,Romance,Jeremy Garelick,,Kevin Hart,Josh Gad,Kaley Cuoco,Olivia Thirlby,Alan Ritchson,"$23,000,000.00","$79,800,000.00"
The Witch,27-01-2016,Horror,Robert Eggers,,Anya Taylor-Joy,Ralph Ineson,Kate Dickie,,,"$3,000,000.00","$40,400,000.00"
The Wolverine,24-07-2013,Action,James Mangold,,Hugh Jackman,Famke Janssen,Hiroyuki Sanada,Hal Yamanouchi,Tao Okamoto,"$120,000,000.00","$414,800,000.00"
The Woman in Black,03-02-2012,Horror,James Watkins,,Daniel Radcliffe,CiarÃ¡n Hinds,Janet McTeer,Liz White,Alisa Khazanova,"$15,000,000.00","$128,500,000.00"
The Woman in Black: Angel of Death,30-12-2014,Horror,Tom Harper,,Phoebe Fox,Jeremy Irvine,Helen McCrory,Adrian Rawlins,Oaklee Pendergast,"$15,000,000.00","$48,900,000.00"
The World's End,19-07-2013,Comedy,Edgar Wright,,Simon Pegg,Nick Frost,Paddy Considine,Martin Freeman,Eddie Marsan,"$20,000,000.00","$46,100,000.00"
The Young Messiah,11-03-2016,Drama,Cyrus Nowrasteh,,Adam Greaves-Neal,Sean Bean,,,,"$18,500,000.00","$7,200,000.00"
Think Like a Man,20-04-2012,Comedy,Tim Story,,Kevin Hart,Michael Ealy,Taraji P. Henson,Jerry Ferrara,Meagan Good,"$12,000,000.00","$96,100,000.00"
This Is the End,12-06-2013,Comedy,Evan Goldberg,Seth Rogen,Seth Rogen,Jay Baruchel,James Franco,Craig Robinson,Danny McBride,"$32,000,000.00","$126,000,000.00"
This Is Where I Leave You,19-09-2014,Comedy,Shawn Levy,,Jason Bateman,Tina Fey,Jane Fonda,Timothy Olyphant,Corey Stoll,"$19,800,000.00","$41,300,000.00"
This Means War,17-02-2012,Action,McG,,Tom Hardy,Chris Pine,Reese Witherspoon,Chelsea Handler,Til Schweiger,"$65,000,000.00","$156,500,000.00"
Top Five,06-09-2014,Comedy,Chris Rock,,Chris Rock,Rosario Dawson,Genevieve Angelson,Rachel Feinstein,Dan Naturman,"$12,000,000.00","$26,100,000.00"
Top Gun 3D,08-02-2013,Action,Tony Scott,,Tom Cruise,Kelly McGillis,Val Kilmer,James Tolkan,Tom Skerritt,"$15,000,000.00","$356,800,000.00"
Total Recall,03-08-2012,Action,Len Wiseman,,Colin Farrell,Jessica Biel,Bryan Cranston,Kate Beckinsale,Bill Nighy,"$125,000,000.00","$198,500,000.00"
Trance,27-03-2013,Crime,Danny Boyle,,James McAvoy,Vincent Cassel,Rosario Dawson,Tuppence Middleton,Lee Nicholas Harris,"$20,000,000.00","$24,300,000.00"
Transcendence,10-04-2014,Sci-Fi,Wally Pfister,,Johnny Depp,Paul Bettany,Rebecca Hall,Kate Mara,Morgan Freeman,"$100,000,000.00","$103,000,000.00"
Triple 9,16-02-2016,Crime,John Hillcoat,,Kate Winslet,Woody Harrelson,Gal Gadot,Anthony Mackie,Teresa Palmer,"$20,000,000.00","$23,400,000.00"
Trouble with the Curve,21-09-2012,Drama,Robert Lorenz,,Clint Eastwood,Amy Adams,Matthew Lillard,Justin Timberlake,John Goodman,"$60,000,000.00","$49,000,000.00"
Trumbo,12-09-2015,Drama,Jay Roach,,Bryan Cranston,Diane Lane,Helen Mirren,John Goodman,Elle Fanning,"$15,000,000.00","$8,200,000.00"
Truth,12-09-2015,Drama,James Vanderbilt,,Robert Redford,Cate Blanchett,Dennis Quaid,Topher Grace,Elisabeth Moss,"$9,600,000.00","$5,400,000.00"
Turbo,17-07-2013,Comedy,David Soren,,Ryan Reynolds,Paul Giamatti,Michael PeÃ±a,Luis GuzmÃ¡n,Bill Hader,"$127,000,000.00","$282,600,000.00"
Tusk,06-09-2014,Horror,Kevin Smith,,Michael Parks,Justin Long,Haley Joel Osment,GÃ©nesis RodrÃ­guez,Johnny Depp,"$3,000,000.00","$1,900,000.00"
Unbroken,17-11-2014,Drama,Angelina Jolie,,Jack O'Connell,Miyavi,Domhnall Gleeson,Garrett Hedlund,Jai Courtney,"$65,000,000.00","$163,400,000.00"
Unfinished Business,06-03-2015,Comedy,Ken Scott,,Vince Vaughn,Tom Wilkinson,Dave Franco,Sienna Miller,Nick Frost,"$35,000,000.00","$14,400,000.00"
Unfriended,20-07-2014,Horror,Levan Gabriadze,,Shelley Hennig,Renee Olstead,Jacob Wysocki,Will Peltz,,"$1,000,000.00","$64,100,000.00"
Vacation,29-07-2015,Adventure,John Francis Daley,Jonathan Goldstein,Ed Helms,Christina Applegate,Leslie Mann,Chris Hemsworth,Charlie Day,"$31,000,000.00","$104,900,000.00"
Vampire Academy,07-02-2014,Action,Mark Waters,,Zoey Deutch,Lucy Fry,Danila Kozlovsky,,,"$30,000,000.00","$15,400,000.00"
Veronica Mars,14-03-2014,Mystery,Rob Thomas,,Kristen Bell,Jason Dohring,Krysten Ritter,Ryan Hansen,Francis Capra,"$6,000,000.00","$3,500,000.00"
Victor Frankenstein,25-11-2015,Horror,Paul McGuigan,,Daniel Radcliffe,James McAvoy,Jessica Brown Findlay,Andrew Scott,,"$40,000,000.00","$34,200,000.00"
Wanderlust,24-02-2012,Comedy,David Wain,,Paul Rudd,Jennifer Aniston,Malin Akerman,Justin Theroux,Ken Marino,"$35,000,000.00","$24,200,000.00"
War Dogs,19-08-2016,Crime,Todd Phillips,,Jonah Hill,Miles Teller,Ana de Armas,J. B. Blanc,,"$40,000,000.00","$42,700,000.00"
War Room,28-08-2015,Drama,Alex Kendrick,,Alex Kendrick,Priscilla Shirer,T.C. Stallings,Beth Moore,Karen Abercrombie,"$3,000,000.00","$73,700,000.00"
Warcraft,10-06-2016,Action,Duncan Jones,,Ben Foster,Travis Fimmel,Paula Patton,Toby Kebbell,Dominic Cooper,"$160,000,000.00","$433,500,000.00"
Warm Bodies,01-02-2013,Comedy,Jonathan Levine,,Nicholas Hoult,Teresa Palmer,Rob Corddry,John Malkovich,Analeigh Tipton,"$35,000,000.00","$117,000,000.00"
What Maisie Knew,03-05-2013,Drama,Scott McGehee,David Siegel,Julianne Moore,Steve Coogan,Alexander SkarsgÃ¥rd,Joanna Vanderham,Onata Aprile,"$5,000,000.00","$2,700,000.00"
What to Expect When You're Expecting,18-05-2012,Comedy,Kirk Jones,,Cameron Diaz,Jennifer Lopez,Brooklyn Decker,Elizabeth Banks,Anna Kendrick,"$40,000,000.00","$84,400,000.00"
When the Game Stands Tall,04-08-2014,Religious,Thomas Carter,,Jim Caviezel,Laura Dern,Michael Chiklis,Alexander Ludwig,,"$15,000,000.00","$30,100,000.00"
Whiplash,16-01-2014,Drama,Damien Chazelle,,J. K. Simmons,Miles Teller,Paul Reiser,Melissa Benoist,,"$3,300,000.00","$49,000,000.00"
Whiskey Tango Foxtrot,04-03-2016,Drama,Glenn Ficarra,John Requa,Tina Fey,Margot Robbie,Martin Freeman,Billy Bob Thornton,Alfred Molina,"$35,000,000.00","$24,900,000.00"
White House Down,28-06-2013,Action,Roland Emmerich,,Channing Tatum,Jamie Foxx,Maggie Gyllenhaal,James Woods,Richard Jenkins,"$150,000,000.00","$205,000,000.00"
Wild,29-08-2014,Drama,Jean-Marc VallÃ©e,,Reese Witherspoon,Gaby Hoffmann,Michiel Huisman,Charles Baker,,"$15,000,000.00","$52,500,000.00"
Winter's Tale,13-02-2014,Drama,Akiva Goldsman,,Colin Farrell,Russell Crowe,Jessica Brown Findlay,Jennifer Connelly,Will Smith,"$60,000,000.00","$31,100,000.00"
Wish I Was Here,18-01-2014,Drama,Zach Braff,,Zach Braff,Kate Hudson,Jim Parsons,Mandy Patinkin,Ashley Greene,"$6,000,000.00","$5,500,000.00"
Woman in Gold,01-04-2015,Drama,Simon Curtis,,Helen Mirren,Ryan Reynolds,Daniel BrÃ¼hl,Katie Holmes,Tatiana Maslany,"$11,000,000.00","$61,600,000.00"
Won't Back Down,28-09-2012,Drama,Daniel Barnz,,Viola Davis,Maggie Gyllenhaal,Holly Hunter,Ving Rhames,Rosie Perez,"$19,000,000.00","$5,400,000.00"
Woodlawn,16-10-2015,Drama,The Erwin Brothers,,Sean Astin,Nic Bishop,Caleb Castille,Sherri Shepherd,Jon Voight,"$13,000,000.00","$14,400,000.00"
World War Z,21-06-2013,Action,Marc Forster,,Brad Pitt,Mireille Enos,James Badge Dale,Daniella Kertesz,Matthew Fox,"$190,000,000.00","$540,000,000.00"
Wrath of the Titans,30-03-2012,Action,Jonathan Liebesman,,Sam Worthington,Liam Neeson,Ralph Fiennes,Edgar Ramirez,Rosamund Pike,"$150,000,000.00","$305,300,000.00"
X-Men: Apocalypse,09-05-2016,Action,Bryan Singer,,James McAvoy,Michael Fassbender,Jennifer Lawrence,Oscar Isaac,Nicholas Hoult,"$178,000,000.00","$544,600,000.00"
X-Men: Days of Future Past,10-05-2014,Action,Bryan Singer,,Hugh Jackman,James McAvoy,Michael Fassbender,Halle Berry,Jennifer Lawrence,"$200,000,000.00","$747,900,000.00"
You're Next,23-08-2013,Horror,Adam Wingard,,Sharni Vinson,Joe Swanberg,AJ Bowen,Nicholas Tucci,Barbara Crampton,"$1,000,000.00","$26,800,000.00"
Zero Dark Thirty,19-12-2012,Drama,Kathryn Bigelow,,Jessica Chastain,Chris Pratt,Joel Edgerton,Kyle Chandler,Jason Clarke,"$40,000,000.00","$132,800,000.00"
Zhong Kui: Snow Girl and the Dark Crystal,19-02-2015,Romance,Peter Pau,,Li Bingbing,Chen Kun,Yang Zishan,Winston Chao,Bao Bei'er,"$30,000,000.00","$64,470,000.00"
Zoolander 2,12-02-2016,Comedy,Ben Stiller,,Ben Stiller,Owen Wilson,Christine Taylor,Will Ferrell,PenÃ©lope Cruz,"$50,000,000.00","$56,000,000.00"
